buy_initiated,buy_volume,close,delta,high,inference,low,open,sell_initiated,sell_volume,tick_delta,timestamp,security_id
0.0,0.0,6427.0,0.0,6427.0,Neutral,6427.0,6427.0,0.0,0.0,0.0,15:29,52476
0.0,0.0,59.25,0.0,59.25,Neutral,59.25,59.25,0.0,0.0,0.0,15:29,52524
0.0,0.0,1088.4,0.0,1088.4,Neutral,1088.4,1088.4,0.0,0.0,0.0,15:29,53011
0.0,0.0,5369.0,0.0,5369.0,Neutral,5369.0,5369.0,0.0,0.0,0.0,15:29,53012
0.0,0.0,291.3,0.0,291.3,Neutral,291.3,291.3,0.0,0.0,0.0,15:29,53013
0.0,0.0,839.45,0.0,839.45,Neutral,839.45,839.45,0.0,0.0,0.0,15:29,53014
0.0,0.0,2408.2,0.0,2408.2,Neutral,2408.2,2408.2,0.0,0.0,0.0,15:29,53015
0.0,0.0,993.15,0.0,993.15,Neutral,993.15,993.15,0.0,0.0,0.0,15:29,53016
0.0,0.0,1411.5,0.0,1411.5,Neutral,1411.5,1411.5,0.0,0.0,0.0,15:29,53020
0.0,0.0,5516.5,0.0,5516.5,Neutral,5516.5,5516.5,0.0,0.0,0.0,15:29,53021
0.0,0.0,8319.5,0.0,8319.5,Neutral,8319.5,8319.5,0.0,0.0,0.0,15:29,53031
0.0,0.0,575.7,0.0,575.7,Neutral,575.7,575.7,0.0,0.0,0.0,15:29,53032
0.0,0.0,2223.9,0.0,2223.9,Neutral,2223.9,2223.9,0.0,0.0,0.0,15:29,53033
0.0,0.0,1704.7,0.0,1704.7,Neutral,1704.7,1704.7,0.0,0.0,0.0,15:29,53034
0.0,0.0,7868.5,0.0,7868.5,Neutral,7868.5,7868.5,0.0,0.0,0.0,15:29,53036
0.0,0.0,134.63,0.0,134.63,Neutral,134.63,134.63,0.0,0.0,0.0,15:29,53037
0.0,0.0,2491.7,0.0,2491.7,Neutral,2491.7,2491.7,0.0,0.0,0.0,15:29,53039
0.0,0.0,1476.4,0.0,1476.4,Neutral,1476.4,1476.4,0.0,0.0,0.0,15:29,53040
0.0,0.0,715.0,0.0,715.0,Neutral,715.0,715.0,0.0,0.0,0.0,15:29,53041
0.0,0.0,1096.4,0.0,1096.4,Neutral,1096.4,1096.4,0.0,0.0,0.0,15:29,53042
0.0,0.0,1123.3,0.0,1123.3,Neutral,1123.3,1123.3,0.0,0.0,0.0,15:29,53043
0.0,0.0,9105.0,0.0,9105.0,Neutral,9105.0,9105.0,0.0,0.0,0.0,15:29,53044
0.0,0.0,2091.9,0.0,2091.9,Neutral,2091.9,2091.9,0.0,0.0,0.0,15:29,53045
0.0,0.0,1008.8,0.0,1008.8,Neutral,1008.8,1008.8,0.0,0.0,0.0,15:29,53046
0.0,0.0,163.61,0.0,163.61,Neutral,163.61,163.61,0.0,0.0,0.0,15:29,53047
0.0,0.0,241.14,0.0,241.14,Neutral,241.14,241.14,0.0,0.0,0.0,15:29,53048
0.0,0.0,118.02,0.0,118.02,Neutral,118.02,118.02,0.0,0.0,0.0,15:29,53049
0.0,0.0,1607.5,0.0,1607.5,Neutral,1607.5,1607.5,0.0,0.0,0.0,15:29,53050
0.0,0.0,403.95,0.0,403.95,Neutral,403.95,403.95,0.0,0.0,0.0,15:29,53051
0.0,0.0,1266.0,0.0,1266.0,Neutral,1266.0,1266.0,0.0,0.0,0.0,15:29,53052
0.0,0.0,1943.7,0.0,1943.7,Neutral,1943.7,1943.7,0.0,0.0,0.0,15:29,53055
0.0,0.0,233.05,0.0,233.05,Neutral,233.05,233.05,0.0,0.0,0.0,15:29,53056
0.0,0.0,361.8,0.0,361.8,Neutral,361.8,361.8,0.0,0.0,0.0,15:29,53057
0.0,0.0,1920.9,0.0,1920.9,Neutral,1920.9,1920.9,0.0,0.0,0.0,15:29,53058
0.0,0.0,40035.0,0.0,40035.0,Neutral,40035.0,40035.0,0.0,0.0,0.0,15:29,53059
0.0,0.0,320.15,0.0,320.15,Neutral,320.15,320.15,0.0,0.0,0.0,15:29,53060
0.0,0.0,6231.0,0.0,6231.0,Neutral,6231.0,6231.0,0.0,0.0,0.0,15:29,53061
0.0,0.0,2209.3,0.0,2209.3,Neutral,2209.3,2209.3,0.0,0.0,0.0,15:29,53062
0.0,0.0,3904.2,0.0,3904.2,Neutral,3904.2,3904.2,0.0,0.0,0.0,15:29,53063
0.0,0.0,113.55,0.0,113.55,Neutral,113.55,113.55,0.0,0.0,0.0,15:29,53064
0.0,0.0,1557.5,0.0,1557.5,Neutral,1557.5,1557.5,0.0,0.0,0.0,15:29,53065
0.0,0.0,793.9,0.0,793.9,Neutral,793.9,793.9,0.0,0.0,0.0,15:29,53066
0.0,0.0,1575.1,0.0,1575.1,Neutral,1575.1,1575.1,0.0,0.0,0.0,15:29,53068
0.0,0.0,1563.4,0.0,1563.4,Neutral,1563.4,1563.4,0.0,0.0,0.0,15:29,53069
0.0,0.0,397.4,0.0,397.4,Neutral,397.4,397.4,0.0,0.0,0.0,15:29,53071
0.0,0.0,1789.5,0.0,1789.5,Neutral,1789.5,1789.5,0.0,0.0,0.0,15:29,53086
0.0,0.0,2362.1,0.0,2362.1,Neutral,2362.1,2362.1,0.0,0.0,0.0,15:29,53087
0.0,0.0,566.5,0.0,566.5,Neutral,566.5,566.5,0.0,0.0,0.0,15:29,53104
0.0,0.0,316.1,0.0,316.1,Neutral,316.1,316.1,0.0,0.0,0.0,15:29,53105
0.0,0.0,4106.8,0.0,4106.8,Neutral,4106.8,4106.8,0.0,0.0,0.0,15:29,53121
0.0,0.0,1283.8,0.0,1283.8,Neutral,1283.8,1283.8,0.0,0.0,0.0,15:29,53122
0.0,0.0,539.35,0.0,539.35,Neutral,539.35,539.35,0.0,0.0,0.0,15:29,53131
0.0,0.0,2446.8,0.0,2446.8,Neutral,2446.8,2446.8,0.0,0.0,0.0,15:29,53132
0.0,0.0,478.9,0.0,478.9,Neutral,478.9,478.9,0.0,0.0,0.0,15:29,53133
0.0,0.0,6113.0,0.0,6113.0,Neutral,6113.0,6113.0,0.0,0.0,0.0,15:29,53134
0.0,0.0,18177.0,0.0,18177.0,Neutral,18177.0,18177.0,0.0,0.0,0.0,15:29,53135
0.0,0.0,789.15,0.0,789.15,Neutral,789.15,789.15,0.0,0.0,0.0,15:29,53136
0.0,0.0,4700.1,0.0,4700.1,Neutral,4700.1,4700.1,0.0,0.0,0.0,15:29,53138
0.0,0.0,1302.8,0.0,1302.8,Neutral,1302.8,1302.8,0.0,0.0,0.0,15:29,53139
0.0,0.0,6964.0,0.0,6964.0,Neutral,6964.0,6964.0,0.0,0.0,0.0,15:29,53149
0.0,0.0,329.0,0.0,329.0,Neutral,329.0,329.0,0.0,0.0,0.0,15:29,53150
0.0,0.0,420.0,0.0,420.0,Neutral,420.0,420.0,0.0,0.0,0.0,15:29,53151
0.0,0.0,197.15,0.0,197.15,Neutral,197.15,197.15,0.0,0.0,0.0,15:29,53152
0.0,0.0,972.9,0.0,972.9,Neutral,972.9,972.9,0.0,0.0,0.0,15:29,53154
0.0,0.0,182.67,0.0,182.67,Neutral,182.67,182.67,0.0,0.0,0.0,15:29,53159
0.0,0.0,2083.8,0.0,2083.8,Neutral,2083.8,2083.8,0.0,0.0,0.0,15:29,53160
0.0,0.0,93.11,0.0,93.11,Neutral,93.11,93.11,0.0,0.0,0.0,15:29,53161
0.0,0.0,1232.4,0.0,1232.4,Neutral,1232.4,1232.4,0.0,0.0,0.0,15:29,53162
0.0,0.0,2070.9,0.0,2070.9,Neutral,2070.9,2070.9,0.0,0.0,0.0,15:29,53163
0.0,0.0,2857.5,0.0,2857.5,Neutral,2857.5,2857.5,0.0,0.0,0.0,15:29,53164
0.0,0.0,4846.2,0.0,4846.2,Neutral,4846.2,4846.2,0.0,0.0,0.0,15:29,53165
0.0,0.0,1622.0,0.0,1622.0,Neutral,1622.0,1622.0,0.0,0.0,0.0,15:29,53166
0.0,0.0,1486.8,0.0,1486.8,Neutral,1486.8,1486.8,0.0,0.0,0.0,15:29,53169
0.0,0.0,5809.0,0.0,5809.0,Neutral,5809.0,5809.0,0.0,0.0,0.0,15:29,53170
0.0,0.0,970.65,0.0,970.65,Neutral,970.65,970.65,0.0,0.0,0.0,15:29,53171
0.0,0.0,773.65,0.0,773.65,Neutral,773.65,773.65,0.0,0.0,0.0,15:29,53172
0.0,0.0,5344.5,0.0,5344.5,Neutral,5344.5,5344.5,0.0,0.0,0.0,15:29,53173
0.0,0.0,76.5,0.0,76.5,Neutral,76.5,76.5,0.0,0.0,0.0,15:29,53174
0.0,0.0,759.55,0.0,759.55,Neutral,759.55,759.55,0.0,0.0,0.0,15:29,53175
0.0,0.0,403.4,0.0,403.4,Neutral,403.4,403.4,0.0,0.0,0.0,15:29,53176
0.0,0.0,2592.3,0.0,2592.3,Neutral,2592.3,2592.3,0.0,0.0,0.0,15:29,53185
0.0,0.0,464.45,0.0,464.45,Neutral,464.45,464.45,0.0,0.0,0.0,15:29,53186
0.0,0.0,225.25,0.0,225.25,Neutral,225.25,225.25,0.0,0.0,0.0,15:29,53187
0.0,0.0,1424.9,0.0,1424.9,Neutral,1424.9,1424.9,0.0,0.0,0.0,15:29,53188
0.0,0.0,1903.0,0.0,1903.0,Neutral,1903.0,1903.0,0.0,0.0,0.0,15:29,53189
0.0,0.0,605.0,0.0,605.0,Neutral,605.0,605.0,0.0,0.0,0.0,15:29,53190
0.0,0.0,8.0,0.0,8.0,Neutral,8.0,8.0,0.0,0.0,0.0,15:29,53192
0.0,0.0,72.05,0.0,72.05,Neutral,72.05,72.05,0.0,0.0,0.0,15:29,53193
0.0,0.0,147.71,0.0,147.71,Neutral,147.71,147.71,0.0,0.0,0.0,15:29,53199
0.0,0.0,216.84,0.0,216.84,Neutral,216.84,216.84,0.0,0.0,0.0,15:29,53200
0.0,0.0,448.85,0.0,448.85,Neutral,448.85,448.85,0.0,0.0,0.0,15:29,53203
0.0,0.0,782.75,0.0,782.75,Neutral,782.75,782.75,0.0,0.0,0.0,15:29,53204
0.0,0.0,696.7,0.0,696.7,Neutral,696.7,696.7,0.0,0.0,0.0,15:29,53205
0.0,0.0,5743.0,0.0,5743.0,Neutral,5743.0,5743.0,0.0,0.0,0.0,15:29,53206
0.0,0.0,745.45,0.0,745.45,Neutral,745.45,745.45,0.0,0.0,0.0,15:29,53230
0.0,0.0,359.2,0.0,359.2,Neutral,359.2,359.2,0.0,0.0,0.0,15:29,53231
0.0,0.0,1518.2,0.0,1518.2,Neutral,1518.2,1518.2,0.0,0.0,0.0,15:29,53232
0.0,0.0,152.33,0.0,152.33,Neutral,152.33,152.33,0.0,0.0,0.0,15:29,53233
0.0,0.0,145.36,0.0,145.36,Neutral,145.36,145.36,0.0,0.0,0.0,15:29,53234
0.0,0.0,729.0,0.0,729.0,Neutral,729.0,729.0,0.0,0.0,0.0,15:29,53237
0.0,0.0,152.95,0.0,152.95,Neutral,152.95,152.95,0.0,0.0,0.0,15:29,53238
0.0,0.0,129.6,0.0,129.6,Neutral,129.6,129.6,0.0,0.0,0.0,15:29,53239
0.0,0.0,415.15,0.0,415.15,Neutral,415.15,415.15,0.0,0.0,0.0,15:29,53242
0.0,0.0,1054.65,0.0,1054.65,Neutral,1054.65,1054.65,0.0,0.0,0.0,15:29,53243
0.0,0.0,317.0,0.0,317.0,Neutral,317.0,317.0,0.0,0.0,0.0,15:29,53266
0.0,0.0,543.2,0.0,543.2,Neutral,543.2,543.2,0.0,0.0,0.0,15:29,53267
0.0,0.0,1120.5,0.0,1120.5,Neutral,1120.5,1120.5,0.0,0.0,0.0,15:29,53271
0.0,0.0,634.1,0.0,634.1,Neutral,634.1,634.1,0.0,0.0,0.0,15:29,53272
0.0,0.0,508.0,0.0,508.0,Neutral,508.0,508.0,0.0,0.0,0.0,15:29,53282
0.0,0.0,7224.5,0.0,7224.5,Neutral,7224.5,7224.5,0.0,0.0,0.0,15:29,53283
0.0,0.0,4199.9,0.0,4199.9,Neutral,4199.9,4199.9,0.0,0.0,0.0,15:29,53285
0.0,0.0,1109.6,0.0,1109.6,Neutral,1109.6,1109.6,0.0,0.0,0.0,15:29,53288
0.0,0.0,2026.6,0.0,2026.6,Neutral,2026.6,2026.6,0.0,0.0,0.0,15:29,53360
0.0,0.0,1254.9,0.0,1254.9,Neutral,1254.9,1254.9,0.0,0.0,0.0,15:29,53361
0.0,0.0,899.25,0.0,899.25,Neutral,899.25,899.25,0.0,0.0,0.0,15:29,53362
0.0,0.0,573.25,0.0,573.25,Neutral,573.25,573.25,0.0,0.0,0.0,15:29,53363
0.0,0.0,887.5,0.0,887.5,Neutral,887.5,887.5,0.0,0.0,0.0,15:29,53364
0.0,0.0,1203.0,0.0,1203.0,Neutral,1203.0,1203.0,0.0,0.0,0.0,15:29,53365
0.0,0.0,3681.9,0.0,3681.9,Neutral,3681.9,3681.9,0.0,0.0,0.0,15:29,53400
0.0,0.0,241.65,0.0,241.65,Neutral,241.65,241.65,0.0,0.0,0.0,15:29,53401
0.0,0.0,5384.0,0.0,5384.0,Neutral,5384.0,5384.0,0.0,0.0,0.0,15:29,53410
0.0,0.0,2055.2,0.0,2055.2,Neutral,2055.2,2055.2,0.0,0.0,0.0,15:29,53411
0.0,0.0,3624.8,0.0,3624.8,Neutral,3624.8,3624.8,0.0,0.0,0.0,15:29,53412
0.0,0.0,297.6,0.0,297.6,Neutral,297.6,297.6,0.0,0.0,0.0,15:29,53476
0.0,0.0,2583.4,0.0,2583.4,Neutral,2583.4,2583.4,0.0,0.0,0.0,15:29,53477
0.0,0.0,726.15,0.0,726.15,Neutral,726.15,726.15,0.0,0.0,0.0,15:29,53492
0.0,0.0,15565.0,0.0,15565.0,Neutral,15565.0,15565.0,0.0,0.0,0.0,15:29,53493
0.0,0.0,1166.0,0.0,1166.0,Neutral,1166.0,1166.0,0.0,0.0,0.0,15:29,53703
0.0,0.0,2959.1,0.0,2959.1,Neutral,2959.1,2959.1,0.0,0.0,0.0,15:29,53704
0.0,0.0,7707.0,0.0,7707.0,Neutral,7707.0,7707.0,0.0,0.0,0.0,15:29,53705
0.0,0.0,1572.1,0.0,1572.1,Neutral,1572.1,1572.1,0.0,0.0,0.0,15:29,53706
0.0,0.0,110.07,0.0,110.07,Neutral,110.07,110.07,0.0,0.0,0.0,15:29,53707
0.0,0.0,2959.1,0.0,2959.1,Neutral,2959.1,2959.1,0.0,0.0,0.0,15:29,53708
0.0,0.0,2996.3,0.0,2996.3,Neutral,2996.3,2996.3,0.0,0.0,0.0,15:29,53709
0.0,0.0,214.93,0.0,214.93,Neutral,214.93,214.93,0.0,0.0,0.0,15:29,53710
0.0,0.0,1361.7,0.0,1361.7,Neutral,1361.7,1361.7,0.0,0.0,0.0,15:29,53711
0.0,0.0,110.15,0.0,110.15,Neutral,110.15,110.15,0.0,0.0,0.0,15:29,53714
0.0,0.0,217.29,0.0,217.29,Neutral,217.29,217.29,0.0,0.0,0.0,15:29,53715
0.0,0.0,1209.6,0.0,1209.6,Neutral,1209.6,1209.6,0.0,0.0,0.0,15:29,53720
0.0,0.0,88.82,0.0,88.82,Neutral,88.82,88.82,0.0,0.0,0.0,15:29,53721
0.0,0.0,75.89,0.0,75.89,Neutral,75.89,75.89,0.0,0.0,0.0,15:29,53746
0.0,0.0,336.6,0.0,336.6,Neutral,336.6,336.6,0.0,0.0,0.0,15:29,53747
0.0,0.0,244.2,0.0,244.2,Neutral,244.2,244.2,0.0,0.0,0.0,15:29,53748
0.0,0.0,1648.7,0.0,1648.7,Neutral,1648.7,1648.7,0.0,0.0,0.0,15:29,53749
0.0,0.0,9143.0,0.0,9143.0,Neutral,9143.0,9143.0,0.0,0.0,0.0,15:29,53750
0.0,0.0,401.05,0.0,401.05,Neutral,401.05,401.05,0.0,0.0,0.0,15:29,53751
0.0,0.0,236.26,0.0,236.26,Neutral,236.26,236.26,0.0,0.0,0.0,15:29,53752
0.0,0.0,45590.0,0.0,45590.0,Neutral,45590.0,45590.0,0.0,0.0,0.0,15:29,53753
0.0,0.0,600.2,0.0,600.2,Neutral,600.2,600.2,0.0,0.0,0.0,15:29,53754
0.0,0.0,1231.2,0.0,1231.2,Neutral,1231.2,1231.2,0.0,0.0,0.0,15:29,53755
0.0,0.0,5557.0,0.0,5557.0,Neutral,5557.0,5557.0,0.0,0.0,0.0,15:29,53757
0.0,0.0,280.7,0.0,280.7,Neutral,280.7,280.7,0.0,0.0,0.0,15:29,53758
0.0,0.0,404.75,0.0,404.75,Neutral,404.75,404.75,0.0,0.0,0.0,15:29,53759
0.0,0.0,572.55,0.0,572.55,Neutral,572.55,572.55,0.0,0.0,0.0,15:29,53765
0.0,0.0,1617.5,0.0,1617.5,Neutral,1617.5,1617.5,0.0,0.0,0.0,15:29,53766
0.0,0.0,3076.0,0.0,3076.0,Neutral,3076.0,3076.0,0.0,0.0,0.0,15:29,53769
0.0,0.0,3729.0,0.0,3729.0,Neutral,3729.0,3729.0,0.0,0.0,0.0,15:29,53777
0.0,0.0,109.05,0.0,109.05,Neutral,109.05,109.05,0.0,0.0,0.0,15:29,53778
0.0,0.0,835.6,0.0,835.6,Neutral,835.6,835.6,0.0,0.0,0.0,15:29,53779
0.0,0.0,1831.4,0.0,1831.4,Neutral,1831.4,1831.4,0.0,0.0,0.0,15:29,53781
0.0,0.0,7430.0,0.0,7430.0,Neutral,7430.0,7430.0,0.0,0.0,0.0,15:29,53791
0.0,0.0,289.65,0.0,289.65,Neutral,289.65,289.65,0.0,0.0,0.0,15:29,53792
0.0,0.0,206.01,0.0,206.01,Neutral,206.01,206.01,0.0,0.0,0.0,15:29,53795
0.0,0.0,1630.4,0.0,1630.4,Neutral,1630.4,1630.4,0.0,0.0,0.0,15:29,53798
0.0,0.0,267.0,0.0,267.0,Neutral,267.0,267.0,0.0,0.0,0.0,15:29,53802
0.0,0.0,381.3,0.0,381.3,Neutral,381.3,381.3,0.0,0.0,0.0,15:29,53803
0.0,0.0,1409.5,0.0,1409.5,Neutral,1409.5,1409.5,0.0,0.0,0.0,15:29,53806
0.0,0.0,352.2,0.0,352.2,Neutral,352.2,352.2,0.0,0.0,0.0,15:29,53807
0.0,0.0,133.55,0.0,133.55,Neutral,133.55,133.55,0.0,0.0,0.0,15:29,53808
0.0,0.0,894.2,0.0,894.2,Neutral,894.2,894.2,0.0,0.0,0.0,15:29,53809
0.0,0.0,1826.0,0.0,1826.0,Neutral,1826.0,1826.0,0.0,0.0,0.0,15:29,53812
0.0,0.0,836.25,0.0,836.25,Neutral,836.25,836.25,0.0,0.0,0.0,15:29,53815
0.0,0.0,29730.0,0.0,29730.0,Neutral,29730.0,29730.0,0.0,0.0,0.0,15:29,53833
0.0,0.0,621.4,0.0,621.4,Neutral,621.4,621.4,0.0,0.0,0.0,15:29,53834
0.0,0.0,3322.0,0.0,3322.0,Neutral,3322.0,3322.0,0.0,0.0,0.0,15:29,53835
0.0,0.0,14645.0,0.0,14645.0,Neutral,14645.0,14645.0,0.0,0.0,0.0,15:29,53836
0.0,0.0,434.35,0.0,434.35,Neutral,434.35,434.35,0.0,0.0,0.0,15:29,53837
0.0,0.0,2960.0,0.0,2960.0,Neutral,2960.0,2960.0,0.0,0.0,0.0,15:29,53838
0.0,0.0,1615.5,0.0,1615.5,Neutral,1615.5,1615.5,0.0,0.0,0.0,15:29,53839
0.0,0.0,4614.9,0.0,4614.9,Neutral,4614.9,4614.9,0.0,0.0,0.0,15:29,53840
0.0,0.0,660.2,0.0,660.2,Neutral,660.2,660.2,0.0,0.0,0.0,15:29,53851
0.0,0.0,988.6,0.0,988.6,Neutral,988.6,988.6,0.0,0.0,0.0,15:29,53852
0.0,0.0,1100.0,0.0,1100.0,Neutral,1100.0,1100.0,0.0,0.0,0.0,15:29,53867
0.0,0.0,5707.0,0.0,5707.0,Neutral,5707.0,5707.0,0.0,0.0,0.0,15:29,53868
0.0,0.0,716.35,0.0,716.35,Neutral,716.35,716.35,0.0,0.0,0.0,15:29,53869
0.0,0.0,397.95,0.0,397.95,Neutral,397.95,397.95,0.0,0.0,0.0,15:29,53877
0.0,0.0,172.52,0.0,172.52,Neutral,172.52,172.52,0.0,0.0,0.0,15:29,53883
0.0,0.0,714.45,0.0,714.45,Neutral,714.45,714.45,0.0,0.0,0.0,15:29,53891
0.0,0.0,3155.5,0.0,3155.5,Neutral,3155.5,3155.5,0.0,0.0,0.0,15:29,53892
0.0,0.0,1533.2,0.0,1533.2,Neutral,1533.2,1533.2,0.0,0.0,0.0,15:29,53896
0.0,0.0,3396.0,0.0,3396.0,Neutral,3396.0,3396.0,0.0,0.0,0.0,15:29,53899
0.0,0.0,941.2,0.0,941.2,Neutral,941.2,941.2,0.0,0.0,0.0,15:29,53900
0.0,0.0,3576.0,0.0,3576.0,Neutral,3576.0,3576.0,0.0,0.0,0.0,15:29,53901
0.0,0.0,3552.2,0.0,3552.2,Neutral,3552.2,3552.2,0.0,0.0,0.0,15:29,53902
0.0,0.0,1268.5,0.0,1268.5,Neutral,1268.5,1268.5,0.0,0.0,0.0,15:29,53906
0.0,0.0,5171.0,0.0,5171.0,Neutral,5171.0,5171.0,0.0,0.0,0.0,15:29,53909
0.0,0.0,3516.7,0.0,3516.7,Neutral,3516.7,3516.7,0.0,0.0,0.0,15:29,53911
0.0,0.0,12643.0,0.0,12643.0,Neutral,12643.0,12643.0,0.0,0.0,0.0,15:29,53912
0.0,0.0,135.1,0.0,135.1,Neutral,135.1,135.1,0.0,0.0,0.0,15:29,53913
0.0,0.0,1332.7,0.0,1332.7,Neutral,1332.7,1332.7,0.0,0.0,0.0,15:29,53914
0.0,0.0,1323.4,0.0,1323.4,Neutral,1323.4,1323.4,0.0,0.0,0.0,15:29,53915
0.0,0.0,705.45,0.0,705.45,Neutral,705.45,705.45,0.0,0.0,0.0,15:29,53918
0.0,0.0,466.4,0.0,466.4,Neutral,466.4,466.4,0.0,0.0,0.0,15:29,53919
0.0,0.0,463.7,0.0,463.7,Neutral,463.7,463.7,0.0,0.0,0.0,15:29,53921
0.0,0.0,1416.7,0.0,1416.7,Neutral,1416.7,1416.7,0.0,0.0,0.0,15:29,53923
0.0,0.0,254.71,0.0,254.71,Neutral,254.71,254.71,0.0,0.0,0.0,15:29,53924
0.0,0.0,21.07,0.0,21.07,Neutral,21.07,21.07,0.0,0.0,0.0,15:29,53925
0.0,0.0,1036.8,0.0,1036.8,Neutral,1036.8,1036.8,0.0,0.0,0.0,15:29,53926
0.0,-10.0,110073.0,-12.0,110073.0,Neutral,110073.0,110073.0,0.0,2.0,0.0,20:40,440939
26.0,31.0,110145.0,29.0,110145.0,Buy Dominant,110081.0,110088.0,14.0,2.0,12.0,20:41,440939
50.5,-11.0,110142.0,-25.0,110150.0,Buy Dominant,110130.0,110145.0,47.5,14.0,3.0,20:42,440939
10.0,3.0,110134.0,3.0,110142.0,Neutral,110115.0,110142.0,10.0,0.0,0.0,20:43,440939
7.0,-18.0,110170.0,-8.0,110170.0,Neutral,110116.0,110116.0,7.0,-10.0,0.0,20:44,440939
5.0,13.0,110150.0,15.0,110154.0,Sell Dominant,110138.0,110150.0,7.0,-2.0,-2.0,20:45,440939
9.5,2.0,110169.0,7.0,110170.0,Sell Dominant,110138.0,110145.0,11.5,-5.0,-2.0,20:46,440939
4.5,-17.0,110150.0,-24.0,110179.0,Sell Dominant,110150.0,110160.0,7.5,7.0,-3.0,20:47,440939
3.0,15.0,110152.0,29.0,110154.0,Buy Dominant,110151.0,110151.0,1.0,-14.0,2.0,20:48,440939
8.0,2.0,110211.0,17.0,110211.0,Buy Dominant,110163.0,110163.0,4.0,-15.0,4.0,20:49,440939
3.5,24.0,110225.0,27.0,110225.0,Buy Dominant,110208.0,110222.0,2.5,-3.0,1.0,20:50,440939
12.0,-17.0,110278.0,-14.0,110278.0,Buy Dominant,110232.0,110232.0,7.0,-3.0,5.0,20:51,440939
1.0,6.0,110237.0,-16.0,110267.0,Sell Dominant,110230.0,110267.0,8.0,22.0,-7.0,20:52,440939
1.5,-10.0,110180.0,-15.0,110214.0,Sell Dominant,110180.0,110214.0,4.5,5.0,-3.0,20:53,440939
3.5,4.0,110165.0,-3.0,110189.0,Neutral,110165.0,110189.0,3.5,7.0,0.0,20:54,440939
5.5,-8.0,110145.0,-9.0,110160.0,Sell Dominant,110135.0,110160.0,8.5,1.0,-3.0,20:55,440939
3.0,-2.0,110174.0,-2.0,110186.0,Sell Dominant,110168.0,110170.0,5.0,0.0,-2.0,20:56,440939
1.0,0.0,110170.0,-47.0,110170.0,Sell Dominant,110152.0,110169.0,3.0,47.0,-2.0,20:57,440939
2.5,-7.0,110151.0,-16.0,110155.0,Neutral,110151.0,110155.0,2.5,9.0,0.0,20:58,440939
5.0,-3.0,110086.0,-10.0,110150.0,Sell Dominant,110083.0,110150.0,10.0,7.0,-5.0,20:59,440939
6.0,-2.0,110036.0,-18.0,110100.0,Buy Dominant,110036.0,110086.0,5.0,16.0,1.0,21:00,440939
9.0,8.0,110080.0,17.0,110080.0,Neutral,110050.0,110050.0,9.0,-9.0,0.0,21:01,440939
11.5,-18.0,110036.0,2.0,110075.0,Neutral,110036.0,110075.0,11.5,-20.0,0.0,21:02,440939
27.0,-3.0,110011.0,16.0,110054.0,Buy Dominant,110011.0,110036.0,17.0,-19.0,10.0,21:03,440939
15.0,-11.0,110011.0,-33.0,110030.0,Sell Dominant,110001.0,110011.0,20.0,22.0,-5.0,21:04,440939
24.5,-9.0,110020.0,7.0,110020.0,Buy Dominant,110000.0,110000.0,15.5,-16.0,9.0,21:05,440939
8.5,11.0,110041.0,15.0,110044.0,Buy Dominant,110005.0,110005.0,7.5,-4.0,1.0,21:06,440939
5.0,-14.0,110020.0,-21.0,110057.0,Sell Dominant,110020.0,110057.0,7.0,7.0,-2.0,21:07,440939
3.5,16.0,110049.0,22.0,110049.0,Buy Dominant,110018.0,110032.0,2.5,-6.0,1.0,21:08,440939
4.5,3.0,110075.0,9.0,110075.0,Neutral,110049.0,110049.0,4.5,-6.0,0.0,21:09,440939
5.5,-3.0,110031.0,-9.0,110075.0,Sell Dominant,110029.0,110075.0,10.5,6.0,-5.0,21:10,440939
10.0,-10.0,110004.0,-11.0,110049.0,Neutral,110004.0,110043.0,10.0,1.0,0.0,21:11,440939
5.5,-5.0,110000.0,-10.0,110028.0,Sell Dominant,110000.0,110000.0,7.5,5.0,-2.0,21:12,440939
7.5,5.0,110000.0,12.0,110000.0,Neutral,110000.0,110000.0,7.5,-7.0,0.0,21:13,440939
2.5,7.0,110026.0,10.0,110026.0,Buy Dominant,110007.0,110007.0,0.5,-3.0,2.0,21:14,440939
6.5,8.0,110074.0,13.0,110074.0,Buy Dominant,110028.0,110028.0,4.5,-5.0,2.0,21:15,440939
23.0,4.0,110147.0,10.0,110147.0,Buy Dominant,110079.0,110079.0,14.0,-6.0,9.0,21:16,440939
10.0,2.0,110148.0,-11.0,110148.0,Buy Dominant,110120.0,110120.0,4.0,13.0,6.0,21:17,440939
9.0,-1.0,110120.0,-10.0,110160.0,Buy Dominant,110120.0,110140.0,5.0,9.0,4.0,21:18,440939
3.0,4.0,110120.0,16.0,110126.0,Buy Dominant,110120.0,110126.0,2.0,-12.0,1.0,21:19,440939
2.0,13.0,110126.0,12.0,110137.0,Neutral,110126.0,110137.0,2.0,1.0,0.0,21:20,440939
9.0,-8.0,110159.0,21.0,110159.0,Neutral,110149.0,110149.0,9.0,-29.0,0.0,21:21,440939
5.0,5.0,110195.0,3.0,110195.0,Buy Dominant,110174.0,110174.0,2.0,2.0,3.0,21:22,440939
6.0,-4.0,110184.0,-7.0,110195.0,Sell Dominant,110180.0,110195.0,12.0,3.0,-6.0,21:23,440939
8.0,17.0,110200.0,17.0,110200.0,Buy Dominant,110180.0,110192.0,4.0,0.0,4.0,21:24,440939
5.5,12.0,110199.0,5.0,110201.0,Neutral,110193.0,110200.0,5.5,7.0,0.0,21:25,440939
8.0,-38.0,110181.0,-61.0,110210.0,Buy Dominant,110181.0,110196.0,6.0,23.0,2.0,21:26,440939
2.0,16.0,110181.0,26.0,110203.0,Neutral,110181.0,110203.0,2.0,-10.0,0.0,21:27,440939
5.0,0.0,110209.0,-1.0,110210.0,Buy Dominant,110209.0,110210.0,3.0,1.0,2.0,21:28,440939
1.0,-17.0,110200.0,-17.0,110210.0,Sell Dominant,110190.0,110210.0,3.0,0.0,-2.0,21:29,440939
1.0,27.0,110199.0,29.0,110200.0,Sell Dominant,110199.0,110200.0,3.0,-2.0,-2.0,21:30,440939
1.5,7.0,110202.0,1.0,110210.0,Neutral,110200.0,110200.0,1.5,6.0,0.0,21:31,440939
0.5,-18.0,110205.0,-21.0,110221.0,Neutral,110205.0,110221.0,0.5,3.0,0.0,21:32,440939
1.5,-6.0,110180.0,-13.0,110205.0,Neutral,110180.0,110205.0,1.5,7.0,0.0,21:33,440939
1.5,-9.0,110207.0,-15.0,110207.0,Neutral,110180.0,110180.0,1.5,6.0,0.0,21:34,440939
3.0,1.0,110150.0,-1.0,110164.0,Sell Dominant,110150.0,110164.0,6.0,2.0,-3.0,21:36,440939
2.5,-15.0,110160.0,-14.0,110179.0,Sell Dominant,110150.0,110150.0,5.5,-1.0,-3.0,21:37,440939
1.0,-1.0,110150.0,1.0,110160.0,Sell Dominant,110150.0,110160.0,2.0,-2.0,-1.0,21:38,440939
2.5,5.0,110150.0,4.0,110150.0,Neutral,110150.0,110150.0,2.5,1.0,0.0,21:39,440939
1.5,1.0,110169.0,-5.0,110169.0,Neutral,110169.0,110169.0,1.5,6.0,0.0,21:40,440939
0.0,-1.0,5670.0,-3.0,5670.0,Neutral,5670.0,5670.0,0.0,2.0,0.0,20:40,452373
33.0,-33.0,5667.0,-36.0,5669.0,Sell Dominant,5667.0,5669.0,37.0,3.0,-4.0,20:41,452373
8.5,37.0,5669.0,33.0,5670.0,Sell Dominant,5667.0,5667.0,9.5,4.0,-1.0,20:42,452373
19.0,2.0,5670.0,-2.0,5674.0,Sell Dominant,5670.0,5670.0,26.0,4.0,-7.0,20:43,452373
12.0,20.0,5670.0,29.0,5672.0,Buy Dominant,5670.0,5671.0,7.0,-9.0,5.0,20:44,452373
4.5,-37.0,5671.0,-103.0,5673.0,Sell Dominant,5671.0,5673.0,5.5,66.0,-1.0,20:45,452373
15.0,-15.0,5672.0,-1.0,5672.0,Buy Dominant,5669.0,5672.0,10.0,-14.0,5.0,20:46,452373
17.5,-28.0,5669.0,-70.0,5673.0,Sell Dominant,5669.0,5671.0,84.5,42.0,-67.0,20:47,452373
18.0,-54.0,5665.0,-98.0,5670.0,Sell Dominant,5665.0,5670.0,20.0,44.0,-2.0,20:48,452373
11.5,21.0,5667.0,53.0,5668.0,Buy Dominant,5665.0,5665.0,9.5,-32.0,2.0,20:49,452373
3.5,-27.0,5667.0,-73.0,5668.0,Sell Dominant,5667.0,5667.0,8.5,46.0,-5.0,20:50,452373
11.0,36.0,5666.0,37.0,5666.0,Sell Dominant,5664.0,5665.0,32.0,-1.0,-21.0,20:51,452373
13.0,-34.0,5661.0,-55.0,5667.0,Sell Dominant,5660.0,5666.0,15.0,21.0,-2.0,20:52,452373
100.5,1.0,5659.0,46.0,5664.0,Sell Dominant,5657.0,5661.0,104.5,-45.0,-4.0,20:53,452373
26.0,18.0,5658.0,37.0,5661.0,Sell Dominant,5656.0,5661.0,27.0,-19.0,-1.0,20:54,452373
13.0,14.0,5662.0,34.0,5663.0,Neutral,5659.0,5661.0,13.0,-20.0,0.0,20:55,452373
1.0,24.0,5662.0,33.0,5662.0,Neutral,5662.0,5662.0,1.0,-9.0,0.0,20:56,452373
13.5,9.0,5665.0,18.0,5665.0,Buy Dominant,5663.0,5663.0,0.5,-9.0,13.0,20:57,452373
4.0,34.0,5667.0,50.0,5667.0,Neutral,5665.0,5665.0,4.0,-16.0,0.0,20:58,452373
8.5,-28.0,5667.0,-25.0,5668.0,Buy Dominant,5667.0,5667.0,4.5,-3.0,4.0,20:59,452373
13.0,-15.0,5668.0,-42.0,5671.0,Sell Dominant,5667.0,5670.0,29.0,27.0,-16.0,21:00,452373
5.0,17.0,5669.0,46.0,5670.0,Sell Dominant,5666.0,5667.0,10.0,-29.0,-5.0,21:01,452373
22.5,3.0,5672.0,5.0,5673.0,Buy Dominant,5671.0,5671.0,6.5,-2.0,16.0,21:02,452373
228.5,-18.0,5673.0,-43.0,5673.0,Neutral,5672.0,5672.0,228.5,25.0,0.0,21:03,452373
32.5,8.0,5671.0,14.0,5675.0,Buy Dominant,5671.0,5673.0,31.5,-6.0,1.0,21:04,452373
20.0,-10.0,5672.0,-28.0,5672.0,Buy Dominant,5672.0,5672.0,16.0,18.0,4.0,21:05,452373
31.5,-10.0,5671.0,-28.0,5672.0,Buy Dominant,5671.0,5671.0,25.5,18.0,6.0,21:06,452373
13.0,59.0,5673.0,73.0,5673.0,Buy Dominant,5671.0,5671.0,5.0,-14.0,8.0,21:07,452373
10.0,-53.0,5671.0,-80.0,5673.0,Buy Dominant,5671.0,5673.0,8.0,27.0,2.0,21:08,452373
43.5,-15.0,5671.0,-36.0,5672.0,Buy Dominant,5671.0,5671.0,29.5,21.0,14.0,21:09,452373
42.0,-27.0,5669.0,-33.0,5672.0,Sell Dominant,5669.0,5671.0,46.0,6.0,-4.0,21:10,452373
13.5,21.0,5669.0,38.0,5669.0,Sell Dominant,5667.0,5668.0,19.5,-17.0,-6.0,21:11,452373
16.5,14.0,5667.0,24.0,5669.0,Sell Dominant,5667.0,5667.0,18.5,-10.0,-2.0,21:12,452373
22.5,7.0,5671.0,-12.0,5671.0,Buy Dominant,5669.0,5669.0,21.5,19.0,1.0,21:13,452373
2.5,54.0,5668.0,77.0,5670.0,Sell Dominant,5668.0,5670.0,12.5,-23.0,-10.0,21:14,452373
31.0,-27.0,5669.0,-37.0,5669.0,Buy Dominant,5669.0,5669.0,1.0,10.0,30.0,21:15,452373
6.0,-52.0,5667.0,-109.0,5671.0,Sell Dominant,5667.0,5670.0,7.0,57.0,-1.0,21:16,452373
17.0,28.0,5667.0,72.0,5668.0,Neutral,5667.0,5667.0,17.0,-44.0,0.0,21:17,452373
27.5,46.0,5671.0,92.0,5671.0,Buy Dominant,5670.0,5670.0,17.5,-46.0,10.0,21:18,452373
5.5,21.0,5673.0,2.0,5673.0,Buy Dominant,5672.0,5672.0,4.5,19.0,1.0,21:19,452373
34.5,-46.0,5672.0,-63.0,5675.0,Sell Dominant,5672.0,5673.0,88.5,17.0,-54.0,21:20,452373
67.5,-49.0,5676.0,-84.0,5680.0,Buy Dominant,5674.0,5675.0,45.5,35.0,22.0,21:21,452373
68.5,10.0,5677.0,22.0,5678.0,Buy Dominant,5675.0,5675.0,66.5,-12.0,2.0,21:22,452373
56.5,53.0,5679.0,92.0,5679.0,Sell Dominant,5675.0,5677.0,62.5,-39.0,-6.0,21:23,452373
38.5,-18.0,5677.0,-41.0,5680.0,Sell Dominant,5676.0,5679.0,77.5,23.0,-39.0,21:24,452373
36.5,25.0,5680.0,55.0,5680.0,Sell Dominant,5676.0,5677.0,55.5,-30.0,-19.0,21:25,452373
51.0,21.0,5679.0,10.0,5679.0,Buy Dominant,5678.0,5679.0,45.0,11.0,6.0,21:26,452373
21.5,-49.0,5676.0,-74.0,5680.0,Sell Dominant,5676.0,5679.0,23.5,25.0,-2.0,21:27,452373
15.5,3.0,5678.0,12.0,5678.0,Buy Dominant,5676.0,5676.0,12.5,-9.0,3.0,21:28,452373
13.5,-10.0,5678.0,-18.0,5679.0,Buy Dominant,5676.0,5678.0,10.5,8.0,3.0,21:29,452373
20.5,6.0,5677.0,16.0,5679.0,Buy Dominant,5677.0,5678.0,18.5,-10.0,2.0,21:30,452373
12.5,-14.0,5677.0,-49.0,5679.0,Buy Dominant,5677.0,5677.0,8.5,35.0,4.0,21:31,452373
10.5,-18.0,5675.0,-32.0,5677.0,Sell Dominant,5675.0,5677.0,11.5,14.0,-1.0,21:32,452373
7.5,12.0,5675.0,14.0,5677.0,Sell Dominant,5674.0,5675.0,8.5,-2.0,-1.0,21:33,452373
8.0,-21.0,5674.0,-41.0,5676.0,Sell Dominant,5673.0,5676.0,10.0,20.0,-2.0,21:34,452373
9.0,5.0,5672.0,0.0,5674.0,Sell Dominant,5671.0,5673.0,13.0,5.0,-4.0,21:35,452373
18.0,-1.0,5672.0,-4.0,5673.0,Buy Dominant,5672.0,5672.0,16.0,3.0,2.0,21:36,452373
6.5,7.0,5670.0,16.0,5671.0,Neutral,5670.0,5670.0,6.5,-9.0,0.0,21:37,452373
13.0,21.0,5675.0,38.0,5675.0,Buy Dominant,5670.0,5671.0,10.0,-17.0,3.0,21:38,452373
1.0,4.0,5674.0,9.0,5675.0,Neutral,5674.0,5675.0,1.0,-5.0,0.0,21:39,452373
4.0,12.0,5676.0,23.0,5676.0,Neutral,5673.0,5673.0,4.0,-11.0,0.0,21:40,452373
0.5,7.0,5668.0,9.0,5668.0,Neutral,5668.0,5668.0,0.5,-2.0,0.0,20:40,452374
2.5,-15.0,5666.0,-20.0,5669.0,Buy Dominant,5665.0,5669.0,1.5,5.0,1.0,20:41,452374
12.5,-1.0,5669.0,-5.0,5670.0,Sell Dominant,5666.0,5666.0,20.5,4.0,-8.0,20:42,452374
10.0,-15.0,5669.0,-15.0,5673.0,Buy Dominant,5667.0,5667.0,7.0,0.0,3.0,20:43,452374
8.0,6.0,5668.0,9.0,5669.0,Neutral,5668.0,5669.0,8.0,-3.0,0.0,20:44,452374
13.5,-5.0,5668.0,-3.0,5670.0,Buy Dominant,5668.0,5668.0,12.5,-2.0,1.0,20:45,452374
5.0,-2.0,5670.0,-9.0,5670.0,Neutral,5667.0,5669.0,5.0,7.0,0.0,20:46,452374
4.0,-5.0,5666.0,-22.0,5670.0,Neutral,5666.0,5670.0,4.0,17.0,0.0,20:47,452374
3.0,4.0,5665.0,-4.0,5667.0,Neutral,5665.0,5667.0,3.0,8.0,0.0,20:48,452374
0.0,-5.0,5664.0,-11.0,5664.0,Neutral,5664.0,5664.0,0.0,6.0,0.0,20:49,452374
15.0,9.0,5664.0,11.0,5665.0,Neutral,5663.0,5664.0,15.0,-2.0,0.0,20:50,452374
16.0,28.0,5664.0,37.0,5665.0,Buy Dominant,5663.0,5664.0,14.0,-9.0,2.0,20:51,452374
16.0,-11.0,5659.0,-17.0,5664.0,Sell Dominant,5658.0,5664.0,17.0,6.0,-1.0,20:52,452374
127.0,-7.0,5655.0,8.0,5663.0,Buy Dominant,5655.0,5659.0,61.0,-15.0,66.0,20:53,452374
19.5,18.0,5657.0,26.0,5659.0,Buy Dominant,5655.0,5657.0,16.5,-8.0,3.0,20:54,452374
8.0,-2.0,5661.0,-8.0,5661.0,Buy Dominant,5658.0,5658.0,6.0,6.0,2.0,20:55,452374
8.5,11.0,5660.0,14.0,5661.0,Neutral,5659.0,5660.0,8.5,-3.0,0.0,20:56,452374
3.5,18.0,5664.0,20.0,5664.0,Neutral,5662.0,5662.0,3.5,-2.0,0.0,20:57,452374
5.0,-12.0,5664.0,-24.0,5664.0,Neutral,5663.0,5664.0,5.0,12.0,0.0,20:58,452374
21.5,12.0,5667.0,55.0,5667.0,Buy Dominant,5663.0,5663.0,5.5,-43.0,16.0,20:59,452374
5.5,-2.0,5668.0,-28.0,5669.0,Neutral,5667.0,5669.0,5.5,26.0,0.0,21:00,452374
22.0,7.0,5668.0,30.0,5670.0,Neutral,5665.0,5667.0,22.0,-23.0,0.0,21:01,452374
22.5,5.0,5669.0,15.0,5672.0,Buy Dominant,5667.0,5668.0,16.5,-10.0,6.0,21:02,452374
26.0,-7.0,5672.0,-16.0,5672.0,Buy Dominant,5669.0,5670.0,16.0,9.0,10.0,21:03,452374
5.5,6.0,5671.0,-10.0,5673.0,Sell Dominant,5670.0,5671.0,6.5,16.0,-1.0,21:04,452374
2.0,4.0,5669.0,14.0,5671.0,Neutral,5669.0,5671.0,2.0,-10.0,0.0,21:05,452374
3.5,8.0,5669.0,7.0,5669.0,Neutral,5669.0,5669.0,3.5,1.0,0.0,21:06,452374
6.5,-5.0,5670.0,4.0,5672.0,Buy Dominant,5668.0,5668.0,2.5,-9.0,4.0,21:07,452374
1.5,11.0,5670.0,3.0,5671.0,Neutral,5670.0,5671.0,1.5,8.0,0.0,21:08,452374
6.0,-12.0,5669.0,-21.0,5670.0,Neutral,5669.0,5670.0,6.0,9.0,0.0,21:09,452374
5.0,-3.0,5669.0,-19.0,5669.0,Neutral,5669.0,5669.0,5.0,16.0,0.0,21:10,452374
13.0,-20.0,5668.0,-12.0,5669.0,Buy Dominant,5666.0,5667.0,5.0,-8.0,8.0,21:11,452374
12.0,-14.0,5665.0,-20.0,5667.0,Neutral,5665.0,5667.0,12.0,6.0,0.0,21:12,452374
7.5,19.0,5669.0,5.0,5669.0,Buy Dominant,5665.0,5666.0,5.5,14.0,2.0,21:13,452374
14.5,10.0,5667.0,24.0,5667.0,Neutral,5666.0,5666.0,14.5,-14.0,0.0,21:14,452374
8.0,7.0,5666.0,10.0,5667.0,Neutral,5666.0,5667.0,8.0,-3.0,0.0,21:15,452374
1.5,-8.0,5666.0,-14.0,5668.0,Sell Dominant,5666.0,5667.0,2.5,6.0,-1.0,21:16,452374
5.0,18.0,5667.0,44.0,5667.0,Neutral,5664.0,5664.0,5.0,-26.0,0.0,21:17,452374
7.0,11.0,5670.0,26.0,5671.0,Buy Dominant,5669.0,5669.0,4.0,-15.0,3.0,21:18,452374
5.5,-4.0,5671.0,4.0,5671.0,Buy Dominant,5669.0,5670.0,4.5,-8.0,1.0,21:19,452374
12.0,-8.0,5670.0,-9.0,5673.0,Buy Dominant,5670.0,5671.0,8.0,1.0,4.0,21:20,452374
46.5,8.0,5676.0,45.0,5678.0,Buy Dominant,5670.0,5670.0,44.5,-37.0,2.0,21:21,452374
6.5,28.0,5675.0,25.0,5676.0,Buy Dominant,5673.0,5673.0,5.5,3.0,1.0,21:22,452374
10.0,30.0,5676.0,25.0,5678.0,Sell Dominant,5675.0,5676.0,12.0,5.0,-2.0,21:23,452374
27.5,-45.0,5676.0,-59.0,5677.0,Sell Dominant,5674.0,5677.0,32.5,14.0,-5.0,21:24,452374
7.0,29.0,5677.0,38.0,5677.0,Neutral,5674.0,5674.0,7.0,-9.0,0.0,21:25,452374
5.5,13.0,5676.0,16.0,5678.0,Sell Dominant,5676.0,5677.0,11.5,-3.0,-6.0,21:26,452374
2.0,-21.0,5675.0,-35.0,5678.0,Neutral,5674.0,5678.0,2.0,14.0,0.0,21:27,452374
6.5,-3.0,5676.0,-1.0,5676.0,Buy Dominant,5675.0,5675.0,3.5,-2.0,3.0,21:28,452374
11.0,-5.0,5676.0,-2.0,5676.0,Sell Dominant,5674.0,5675.0,13.0,-3.0,-2.0,21:29,452374
13.0,-4.0,5676.0,-14.0,5676.0,Neutral,5676.0,5676.0,13.0,10.0,0.0,21:30,452374
27.5,-3.0,5677.0,-4.0,5677.0,Sell Dominant,5675.0,5676.0,33.5,1.0,-6.0,21:31,452374
11.0,-12.0,5674.0,-36.0,5676.0,Neutral,5674.0,5676.0,11.0,24.0,0.0,21:32,452374
29.0,3.0,5675.0,17.0,5675.0,Neutral,5674.0,5674.0,29.0,-14.0,0.0,21:33,452374
17.5,-16.0,5673.0,-21.0,5676.0,Neutral,5673.0,5675.0,17.5,5.0,0.0,21:34,452374
17.5,-14.0,5672.0,-21.0,5673.0,Sell Dominant,5671.0,5671.0,20.5,7.0,-3.0,21:35,452374
5.0,3.0,5670.0,1.0,5672.0,Sell Dominant,5670.0,5671.0,6.0,2.0,-1.0,21:36,452374
10.0,-7.0,5669.0,-6.0,5670.0,Neutral,5669.0,5670.0,10.0,-1.0,0.0,21:37,452374
6.5,8.0,5673.0,5.0,5673.0,Buy Dominant,5669.0,5670.0,4.5,3.0,2.0,21:38,452374
2.0,12.0,5672.0,11.0,5673.0,Neutral,5672.0,5673.0,2.0,1.0,0.0,21:39,452374
12.5,0.0,5674.0,7.0,5675.0,Buy Dominant,5672.0,5672.0,6.5,-7.0,6.0,21:40,452374
0.0,7.0,272.2,14.0,272.2,Neutral,272.2,272.2,0.0,-7.0,0.0,20:40,452643
65.0,-183.0,271.9,-417.0,272.3,Buy Dominant,271.9,272.3,56.0,234.0,9.0,20:41,452643
86.5,134.0,272.1,292.0,272.2,Sell Dominant,271.9,271.9,99.5,-158.0,-13.0,20:42,452643
28.0,-144.0,271.8,-326.0,272.1,Sell Dominant,271.8,272.1,33.0,182.0,-5.0,20:43,452643
42.5,111.0,271.9,189.0,271.9,Sell Dominant,271.8,271.8,48.5,-78.0,-6.0,20:44,452643
84.0,-110.0,271.7,-271.0,272.0,Buy Dominant,271.7,271.9,60.0,161.0,24.0,20:45,452643
105.5,101.0,272.0,265.0,272.0,Buy Dominant,271.6,271.7,61.5,-164.0,44.0,20:46,452643
32.0,-21.0,271.8,-75.0,272.0,Sell Dominant,271.8,271.9,33.0,54.0,-1.0,20:47,452643
14.5,-16.0,272.0,-15.0,272.0,Buy Dominant,271.8,271.8,13.5,-1.0,1.0,20:48,452643
72.5,149.0,272.1,298.0,272.2,Buy Dominant,271.9,272.0,10.5,-149.0,62.0,20:49,452643
33.5,-135.0,271.9,-442.0,272.2,Sell Dominant,271.9,272.2,100.5,307.0,-67.0,20:50,452643
12.0,44.0,271.9,88.0,271.9,Sell Dominant,271.8,271.9,18.0,-44.0,-6.0,20:51,452643
10.5,-103.0,271.8,-274.0,272.0,Sell Dominant,271.7,271.9,23.5,171.0,-13.0,20:52,452643
29.5,-89.0,271.3,-65.0,271.8,Sell Dominant,271.2,271.8,212.5,-24.0,-183.0,20:53,452643
242.0,-96.0,271.1,-104.0,271.3,Sell Dominant,270.9,271.3,386.0,8.0,-144.0,20:54,452643
67.5,1.0,271.2,-73.0,271.4,Buy Dominant,271.2,271.4,63.5,74.0,4.0,20:55,452643
67.0,239.0,271.5,360.0,271.8,Neutral,271.3,271.3,67.0,-121.0,0.0,20:56,452643
43.0,-49.0,271.5,-302.0,271.8,Buy Dominant,271.4,271.5,35.0,253.0,8.0,20:57,452643
7.5,19.0,271.5,148.0,271.6,Buy Dominant,271.5,271.5,5.5,-129.0,2.0,20:58,452643
16.0,-80.0,271.3,-131.0,271.6,Sell Dominant,271.3,271.5,27.0,51.0,-11.0,20:59,452643
44.5,15.0,271.7,46.0,271.8,Buy Dominant,271.4,271.4,34.5,-31.0,10.0,21:00,452643
146.5,-68.0,271.4,-204.0,271.8,Sell Dominant,271.4,271.7,147.5,136.0,-1.0,21:01,452643
17.0,100.0,271.6,212.0,271.6,Neutral,271.4,271.4,17.0,-112.0,0.0,21:02,452643
67.5,115.0,271.7,242.0,271.8,Sell Dominant,271.5,271.5,69.5,-127.0,-2.0,21:03,452643
13.5,-136.0,271.6,-283.0,271.8,Sell Dominant,271.5,271.7,21.5,147.0,-8.0,21:04,452643
97.5,-350.0,270.9,-695.0,271.6,Sell Dominant,270.9,271.6,141.5,345.0,-44.0,21:05,452643
109.0,244.0,271.2,509.0,271.2,Buy Dominant,270.9,270.9,75.0,-265.0,34.0,21:06,452643
32.0,-93.0,271.1,-201.0,271.2,Sell Dominant,271.0,271.2,34.0,108.0,-2.0,21:07,452643
34.0,-41.0,271.1,-16.0,271.2,Sell Dominant,270.9,271.0,60.0,-25.0,-26.0,21:08,452643
523.5,566.0,271.9,1150.0,272.1,Buy Dominant,271.0,271.1,152.5,-584.0,371.0,21:09,452643
2956.0,-215.0,274.1,1131.0,274.6,Buy Dominant,271.9,271.9,1203.0,-1346.0,1753.0,21:10,452643
2101.0,226.0,275.9,1262.0,275.9,Buy Dominant,274.0,274.1,1803.0,-1036.0,298.0,21:11,452643
1079.0,-907.0,275.3,-1229.0,276.0,Sell Dominant,275.2,275.9,1162.0,322.0,-83.0,21:12,452643
348.5,-42.0,274.6,-510.0,275.3,Sell Dominant,274.6,275.3,591.5,468.0,-243.0,21:13,452643
312.5,74.0,274.0,-132.0,274.7,Sell Dominant,273.9,274.6,631.5,206.0,-319.0,21:14,452643
1105.0,668.0,275.9,1656.0,275.9,Buy Dominant,274.1,274.1,525.0,-988.0,580.0,21:15,452643
315.5,-137.0,275.1,-923.0,275.8,Sell Dominant,275.0,275.8,460.5,786.0,-145.0,21:16,452643
381.0,59.0,275.2,62.0,275.5,Sell Dominant,274.8,275.1,461.0,-3.0,-80.0,21:17,452643
538.0,-118.0,275.3,-194.0,275.9,Sell Dominant,275.3,275.4,620.0,76.0,-82.0,21:18,452643
99.5,104.0,275.4,200.0,275.6,Buy Dominant,275.2,275.3,87.5,-96.0,12.0,21:19,452643
505.5,189.0,275.3,357.0,275.8,Buy Dominant,275.1,275.4,454.5,-168.0,51.0,21:20,452643
219.0,-354.0,274.7,-802.0,275.5,Sell Dominant,274.7,275.5,285.0,448.0,-66.0,21:21,452643
979.5,-525.0,273.8,-645.0,274.8,Sell Dominant,273.7,274.8,1632.5,120.0,-653.0,21:22,452643
108.5,220.0,273.9,249.0,274.0,Buy Dominant,273.8,273.9,103.5,-29.0,5.0,21:23,452643
363.0,-192.0,273.6,-409.0,274.2,Buy Dominant,273.4,274.2,348.0,217.0,15.0,21:24,452643
105.0,468.0,274.3,699.0,274.4,Sell Dominant,273.6,273.6,116.0,-231.0,-11.0,21:25,452643
74.5,60.0,274.3,-87.0,274.4,Neutral,274.2,274.2,74.5,147.0,0.0,21:26,452643
49.5,-109.0,274.1,-209.0,274.3,Sell Dominant,273.8,274.2,115.5,100.0,-66.0,21:27,452643
24.5,99.0,274.2,103.0,274.3,Sell Dominant,274.1,274.2,31.5,-4.0,-7.0,21:28,452643
57.0,-13.0,274.1,-39.0,274.3,Buy Dominant,274.1,274.2,52.0,26.0,5.0,21:29,452643
288.5,-574.0,273.6,-956.0,274.4,Sell Dominant,273.4,274.3,369.5,382.0,-81.0,21:30,452643
149.0,320.0,274.0,483.0,274.0,Buy Dominant,273.5,273.6,97.0,-163.0,52.0,21:31,452643
70.5,-27.0,273.9,-195.0,274.0,Sell Dominant,273.6,274.0,79.5,168.0,-9.0,21:32,452643
40.0,-76.0,273.9,-164.0,274.0,Buy Dominant,273.8,273.9,36.0,88.0,4.0,21:33,452643
140.0,310.0,274.3,588.0,274.4,Buy Dominant,273.8,273.9,71.0,-278.0,69.0,21:34,452643
77.5,-285.0,274.0,-467.0,274.4,Sell Dominant,273.9,274.3,87.5,182.0,-10.0,21:35,452643
26.5,63.0,274.0,57.0,274.0,Neutral,273.9,274.0,26.5,6.0,0.0,21:36,452643
31.5,-110.0,273.7,-234.0,274.0,Sell Dominant,273.7,274.0,38.5,124.0,-7.0,21:37,452643
16.5,-21.0,273.9,11.0,273.9,Sell Dominant,273.6,273.7,75.5,-32.0,-59.0,21:38,452643
27.0,91.0,273.8,123.0,273.9,Sell Dominant,273.7,273.9,28.0,-32.0,-1.0,21:39,452643
42.0,-25.0,273.9,-21.0,274.0,Buy Dominant,273.8,273.9,40.0,-4.0,2.0,21:40,452643
12.5,-16.0,272.1,-8.0,272.1,Neutral,272.1,272.1,12.5,-8.0,0.0,20:40,452644
26.5,-108.0,271.7,-293.0,272.2,Sell Dominant,271.7,272.2,27.5,185.0,-1.0,20:41,452644
131.0,76.0,272.0,100.0,272.0,Buy Dominant,271.7,271.7,71.0,-24.0,60.0,20:42,452644
49.5,-129.0,271.6,-234.0,271.9,Sell Dominant,271.6,271.9,71.5,105.0,-22.0,20:43,452644
49.0,276.0,271.9,224.0,271.9,Buy Dominant,271.6,271.6,39.0,52.0,10.0,20:44,452644
40.0,-193.0,271.6,-291.0,271.9,Sell Dominant,271.6,271.9,42.0,98.0,-2.0,20:45,452644
109.0,-60.0,271.8,-81.0,271.8,Sell Dominant,271.5,271.6,128.0,21.0,-19.0,20:46,452644
19.5,76.0,271.7,170.0,271.8,Neutral,271.6,271.6,19.5,-94.0,0.0,20:47,452644
6.5,-23.0,271.7,-61.0,271.8,Sell Dominant,271.7,271.7,7.5,38.0,-1.0,20:48,452644
45.0,166.0,272.1,155.0,272.1,Sell Dominant,271.7,271.7,63.0,11.0,-18.0,20:49,452644
42.0,-192.0,272.1,-334.0,272.1,Neutral,272.0,272.0,42.0,142.0,0.0,20:50,452644
10.0,17.0,271.7,12.0,271.8,Sell Dominant,271.7,271.8,15.0,5.0,-5.0,20:51,452644
45.5,-92.0,271.6,-208.0,271.8,Neutral,271.6,271.7,45.5,116.0,0.0,20:52,452644
110.5,32.0,271.2,151.0,271.6,Sell Dominant,271.0,271.6,115.5,-119.0,-5.0,20:53,452644
290.0,56.0,271.1,218.0,271.3,Sell Dominant,270.8,271.3,293.0,-162.0,-3.0,20:54,452644
22.5,-21.0,271.3,-120.0,271.4,Buy Dominant,271.2,271.2,19.5,99.0,3.0,20:55,452644
75.0,179.0,271.6,281.0,271.7,Buy Dominant,271.2,271.2,73.0,-102.0,2.0,20:56,452644
48.5,-38.0,271.4,-181.0,271.7,Buy Dominant,271.3,271.7,46.5,143.0,2.0,20:57,452644
10.5,-9.0,271.5,-13.0,271.5,Neutral,271.4,271.4,10.5,4.0,0.0,20:58,452644
13.0,-112.0,271.3,-101.0,271.5,Buy Dominant,271.3,271.4,12.0,-11.0,1.0,20:59,452644
49.0,76.0,271.7,105.0,271.7,Buy Dominant,271.2,271.3,47.0,-29.0,2.0,21:00,452644
291.5,-90.0,271.4,-161.0,271.6,Buy Dominant,271.3,271.5,25.5,71.0,266.0,21:01,452644
16.0,53.0,271.5,118.0,271.5,Neutral,271.3,271.3,16.0,-65.0,0.0,21:02,452644
12.5,59.0,271.7,73.0,271.7,Sell Dominant,271.5,271.5,24.5,-14.0,-12.0,21:03,452644
70.5,-162.0,271.4,-265.0,271.7,Neutral,271.4,271.7,70.5,103.0,0.0,21:04,452644
102.5,-128.0,270.9,-313.0,271.4,Buy Dominant,270.8,271.4,95.5,185.0,7.0,21:05,452644
95.0,137.0,271.0,342.0,271.1,Sell Dominant,270.8,270.9,98.0,-205.0,-3.0,21:06,452644
9.0,-40.0,271.1,-112.0,271.2,Buy Dominant,271.1,271.1,8.0,72.0,1.0,21:07,452644
42.5,-51.0,271.0,-140.0,271.1,Sell Dominant,270.8,271.1,66.5,89.0,-24.0,21:08,452644
404.5,258.0,271.9,663.0,271.9,Buy Dominant,270.9,270.9,50.5,-405.0,354.0,21:09,452644
2664.0,-84.0,273.9,1700.0,274.4,Buy Dominant,271.8,272.0,1626.0,-1784.0,1038.0,21:10,452644
1954.5,238.0,275.8,1353.0,275.9,Buy Dominant,273.9,274.0,1116.5,-1115.0,838.0,21:11,452644
901.0,-499.0,275.1,-745.0,275.9,Buy Dominant,274.9,275.8,812.0,246.0,89.0,21:12,452644
429.5,-235.0,274.4,-540.0,275.1,Sell Dominant,274.4,275.1,525.5,305.0,-96.0,21:13,452644
405.5,24.0,274.1,35.0,274.5,Sell Dominant,273.8,274.4,784.5,-11.0,-379.0,21:14,452644
967.5,264.0,275.7,580.0,275.8,Buy Dominant,274.0,274.0,631.5,-316.0,336.0,21:15,452644
324.0,-320.0,275.1,-608.0,275.7,Buy Dominant,274.8,275.6,265.0,288.0,59.0,21:16,452644
251.5,67.0,275.1,92.0,275.3,Sell Dominant,274.7,275.0,450.5,-25.0,-199.0,21:17,452644
423.5,-31.0,275.1,-148.0,275.7,Buy Dominant,275.1,275.1,179.5,117.0,244.0,21:18,452644
67.0,193.0,275.4,201.0,275.4,Sell Dominant,275.1,275.1,77.0,-8.0,-10.0,21:19,452644
310.0,34.0,275.1,68.0,275.7,Buy Dominant,275.0,275.3,292.0,-34.0,18.0,21:20,452644
185.0,-74.0,274.6,-167.0,275.2,Sell Dominant,274.6,275.2,187.0,93.0,-2.0,21:21,452644
1002.5,-142.0,273.7,-261.0,274.6,Sell Dominant,273.6,274.6,1368.5,119.0,-366.0,21:22,452644
274.0,143.0,273.8,157.0,273.8,Buy Dominant,273.6,273.6,270.0,-14.0,4.0,21:23,452644
416.0,-305.0,273.5,-506.0,274.2,Buy Dominant,273.4,274.1,411.0,201.0,5.0,21:24,452644
149.5,440.0,274.2,622.0,274.3,Buy Dominant,273.5,273.5,144.5,-182.0,5.0,21:25,452644
91.5,57.0,274.3,-17.0,274.4,Buy Dominant,274.2,274.2,90.5,74.0,1.0,21:26,452644
70.0,-18.0,274.0,-71.0,274.2,Buy Dominant,273.8,274.2,51.0,53.0,19.0,21:27,452644
19.0,172.0,274.2,248.0,274.2,Buy Dominant,274.0,274.0,17.0,-76.0,2.0,21:28,452644
76.0,18.0,274.1,83.0,274.2,Sell Dominant,274.0,274.2,81.0,-65.0,-5.0,21:29,452644
276.5,-414.0,273.6,-675.0,274.3,Sell Dominant,273.3,274.3,309.5,261.0,-33.0,21:30,452644
115.5,110.0,273.9,229.0,273.9,Sell Dominant,273.4,273.6,197.5,-119.0,-82.0,21:31,452644
60.0,89.0,273.8,70.0,273.9,Buy Dominant,273.5,273.9,54.0,19.0,6.0,21:32,452644
15.0,-3.0,273.8,-62.0,274.0,Sell Dominant,273.8,273.9,18.0,59.0,-3.0,21:33,452644
102.0,85.0,274.1,244.0,274.3,Buy Dominant,273.7,273.7,83.0,-159.0,19.0,21:34,452644
70.0,-169.0,274.0,-325.0,274.2,Sell Dominant,273.8,274.2,71.0,156.0,-1.0,21:35,452644
49.5,43.0,274.0,33.0,274.0,Neutral,273.8,273.8,49.5,10.0,0.0,21:36,452644
31.0,74.0,273.7,95.0,273.8,Buy Dominant,273.6,273.7,30.0,-21.0,1.0,21:37,452644
20.5,20.0,273.8,-6.0,273.8,Sell Dominant,273.6,273.7,25.5,26.0,-5.0,21:38,452644
15.0,400.0,273.9,387.0,273.9,Sell Dominant,273.6,273.7,16.0,13.0,-1.0,21:39,452644
9.5,-32.0,273.8,-22.0,273.9,Sell Dominant,273.8,273.8,11.5,-10.0,-2.0,21:40,452644
0.5,0.0,5661.0,5.0,5661.0,Neutral,5661.0,5661.0,0.5,-5.0,0.0,20:40,455865
15.0,-29.0,5658.0,-42.0,5661.0,Sell Dominant,5657.0,5660.0,17.0,13.0,-2.0,20:41,455865
18.5,41.0,5658.0,59.0,5662.0,Sell Dominant,5658.0,5658.0,22.5,-18.0,-4.0,20:42,455865
30.5,-1.0,5660.0,-22.0,5663.0,Buy Dominant,5660.0,5660.0,18.5,21.0,12.0,20:43,455865
3.0,-29.0,5662.0,-39.0,5662.0,Sell Dominant,5659.0,5659.0,4.0,10.0,-1.0,20:44,455865
10.0,6.0,5662.0,-3.0,5662.0,Buy Dominant,5660.0,5662.0,5.0,9.0,5.0,20:45,455865
3.0,-14.0,5661.0,6.0,5661.0,Buy Dominant,5660.0,5660.0,2.0,-20.0,1.0,20:46,455865
13.0,3.0,5658.0,-22.0,5661.0,Sell Dominant,5658.0,5661.0,36.0,25.0,-23.0,20:47,455865
11.5,-27.0,5656.0,-37.0,5658.0,Neutral,5656.0,5658.0,11.5,10.0,0.0,20:48,455865
3.5,-19.0,5657.0,-32.0,5657.0,Buy Dominant,5657.0,5657.0,1.5,13.0,2.0,20:49,455865
3.5,-1.0,5657.0,-2.0,5657.0,Buy Dominant,5656.0,5656.0,1.5,1.0,2.0,20:50,455865
5.5,10.0,5656.0,7.0,5658.0,Buy Dominant,5656.0,5656.0,3.5,3.0,2.0,20:51,455865
8.0,28.0,5652.0,53.0,5657.0,Sell Dominant,5652.0,5657.0,23.0,-25.0,-15.0,20:52,455865
25.0,-16.0,5650.0,-34.0,5654.0,Sell Dominant,5649.0,5654.0,31.0,18.0,-6.0,20:53,455865
11.0,31.0,5648.0,27.0,5650.0,Buy Dominant,5646.0,5648.0,9.0,4.0,2.0,20:54,455865
0.5,23.0,5649.0,36.0,5649.0,Neutral,5649.0,5649.0,0.5,-13.0,0.0,20:55,455865
2.0,8.0,5652.0,17.0,5652.0,Neutral,5652.0,5652.0,2.0,-9.0,0.0,20:56,455865
1.5,-10.0,5654.0,-12.0,5656.0,Neutral,5654.0,5656.0,1.5,2.0,0.0,20:57,455865
35.5,29.0,5657.0,29.0,5657.0,Buy Dominant,5653.0,5655.0,30.5,0.0,5.0,20:58,455865
23.5,3.0,5658.0,29.0,5659.0,Buy Dominant,5656.0,5656.0,17.5,-26.0,6.0,20:59,455865
18.0,-13.0,5658.0,-6.0,5661.0,Buy Dominant,5658.0,5660.0,2.0,-7.0,16.0,21:00,455865
4.5,14.0,5660.0,29.0,5660.0,Buy Dominant,5658.0,5658.0,1.5,-15.0,3.0,21:01,455865
6.0,-9.0,5661.0,-11.0,5662.0,Neutral,5660.0,5660.0,6.0,2.0,0.0,21:02,455865
24.0,-19.0,5664.0,-18.0,5664.0,Buy Dominant,5661.0,5662.0,16.0,-1.0,8.0,21:03,455865
9.5,-20.0,5660.0,-31.0,5665.0,Neutral,5660.0,5664.0,9.5,11.0,0.0,21:04,455865
6.0,10.0,5660.0,10.0,5662.0,Sell Dominant,5660.0,5661.0,10.0,0.0,-4.0,21:05,455865
15.5,1.0,5660.0,-2.0,5661.0,Buy Dominant,5659.0,5661.0,13.5,3.0,2.0,21:06,455865
3.0,14.0,5661.0,14.0,5661.0,Neutral,5660.0,5660.0,3.0,0.0,0.0,21:07,455865
1.0,-38.0,5662.0,-41.0,5662.0,Neutral,5662.0,5662.0,1.0,3.0,0.0,21:08,455865
10.0,17.0,5661.0,7.0,5663.0,Neutral,5661.0,5662.0,10.0,10.0,0.0,21:09,455865
10.5,-9.0,5660.0,1.0,5663.0,Sell Dominant,5660.0,5661.0,16.5,-10.0,-6.0,21:10,455865
8.0,3.0,5660.0,-2.0,5661.0,Neutral,5659.0,5661.0,8.0,5.0,0.0,21:11,455865
1.0,-5.0,5658.0,-7.0,5660.0,Sell Dominant,5658.0,5660.0,2.0,2.0,-1.0,21:12,455865
8.5,-19.0,5659.0,-32.0,5660.0,Buy Dominant,5659.0,5660.0,6.5,13.0,2.0,21:13,455865
6.0,1.0,5657.0,1.0,5657.0,Sell Dominant,5656.0,5657.0,9.0,0.0,-3.0,21:14,455865
3.0,-3.0,5658.0,4.0,5658.0,Neutral,5658.0,5658.0,3.0,-7.0,0.0,21:15,455865
2.0,-9.0,5658.0,-23.0,5658.0,Neutral,5658.0,5658.0,2.0,14.0,0.0,21:16,455865
9.5,-11.0,5658.0,0.0,5658.0,Sell Dominant,5657.0,5657.0,11.5,-11.0,-2.0,21:17,455865
3.5,6.0,5662.0,13.0,5662.0,Buy Dominant,5659.0,5659.0,1.5,-7.0,2.0,21:18,455865
3.5,-4.0,5662.0,2.0,5662.0,Sell Dominant,5660.0,5660.0,4.5,-6.0,-1.0,21:19,455865
44.5,6.0,5663.0,-4.0,5663.0,Neutral,5661.0,5662.0,44.5,10.0,0.0,21:20,455865
44.5,-11.0,5667.0,-16.0,5669.0,Buy Dominant,5663.0,5663.0,32.5,5.0,12.0,21:21,455865
54.5,12.0,5667.0,13.0,5667.0,Buy Dominant,5664.0,5667.0,47.5,-1.0,7.0,21:22,455865
43.5,0.0,5671.0,24.0,5671.0,Sell Dominant,5666.0,5666.0,58.5,-24.0,-15.0,21:23,455865
33.5,10.0,5668.0,-12.0,5670.0,Neutral,5666.0,5668.0,33.5,22.0,0.0,21:24,455865
60.0,2.0,5669.0,5.0,5670.0,Neutral,5667.0,5669.0,60.0,-3.0,0.0,21:25,455865
13.0,5.0,5672.0,15.0,5672.0,Sell Dominant,5667.0,5670.0,35.0,-10.0,-22.0,21:26,455865
9.0,-14.0,5670.0,-24.0,5672.0,Sell Dominant,5667.0,5670.0,32.0,10.0,-23.0,21:27,455865
0.5,2.0,5669.0,4.0,5669.0,Neutral,5668.0,5668.0,0.5,-2.0,0.0,21:28,455865
1.0,2.0,5668.0,8.0,5668.0,Sell Dominant,5668.0,5668.0,11.0,-6.0,-10.0,21:29,455865
1.0,0.0,5668.0,-5.0,5668.0,Neutral,5668.0,5668.0,1.0,5.0,0.0,21:30,455865
3.5,-6.0,5667.0,-1.0,5667.0,Sell Dominant,5666.0,5667.0,4.5,-5.0,-1.0,21:31,455865
10.0,-35.0,5665.0,-49.0,5668.0,Neutral,5665.0,5668.0,10.0,14.0,0.0,21:32,455865
1.0,2.0,5665.0,7.0,5665.0,Neutral,5665.0,5665.0,1.0,-5.0,0.0,21:33,455865
0.0,-10.0,5665.0,-24.0,5665.0,Neutral,5665.0,5665.0,0.0,14.0,0.0,21:34,455865
0.5,11.0,5664.0,8.0,5664.0,Sell Dominant,5664.0,5664.0,1.5,3.0,-1.0,21:35,455865
10.0,5.0,5663.0,9.0,5663.0,Neutral,5661.0,5663.0,10.0,-4.0,0.0,21:36,455865
1.5,2.0,5662.0,1.0,5662.0,Neutral,5660.0,5660.0,1.5,1.0,0.0,21:37,455865
6.5,13.0,5664.0,27.0,5664.0,Buy Dominant,5660.0,5660.0,4.5,-14.0,2.0,21:38,455865
0.5,11.0,5664.0,14.0,5664.0,Sell Dominant,5662.0,5662.0,1.5,-3.0,-1.0,21:39,455865
3.5,8.0,5664.0,13.0,5664.0,Neutral,5664.0,5664.0,3.5,-5.0,0.0,21:40,455865
0.5,0.0,5659.0,0.0,5659.0,Neutral,5659.0,5659.0,0.5,0.0,0.0,20:40,455866
30.5,-26.0,5657.0,-47.0,5660.0,Buy Dominant,5657.0,5659.0,14.5,21.0,16.0,20:41,455866
8.5,37.0,5657.0,49.0,5659.0,Buy Dominant,5657.0,5657.0,6.5,-12.0,2.0,20:42,455866
44.0,23.0,5660.0,25.0,5663.0,Buy Dominant,5659.0,5659.0,9.0,-2.0,35.0,20:43,455866
2.5,-8.0,5660.0,-21.0,5661.0,Sell Dominant,5660.0,5661.0,3.5,13.0,-1.0,20:44,455866
13.0,-18.0,5661.0,-4.0,5661.0,Buy Dominant,5659.0,5660.0,5.0,-14.0,8.0,20:45,455866
9.5,17.0,5660.0,8.0,5661.0,Neutral,5659.0,5661.0,9.5,9.0,0.0,20:46,455866
9.0,67.0,5658.0,61.0,5660.0,Neutral,5657.0,5659.0,9.0,6.0,0.0,20:47,455866
13.0,-106.0,5656.0,-144.0,5660.0,Neutral,5656.0,5660.0,13.0,38.0,0.0,20:48,455866
10.0,52.0,5655.0,62.0,5657.0,Sell Dominant,5655.0,5656.0,26.0,-10.0,-16.0,20:49,455866
1.5,-23.0,5657.0,-19.0,5657.0,Neutral,5655.0,5655.0,1.5,-4.0,0.0,20:50,455866
1.5,20.0,5655.0,15.0,5655.0,Neutral,5655.0,5655.0,1.5,5.0,0.0,20:51,455866
11.0,-90.0,5651.0,-122.0,5656.0,Sell Dominant,5651.0,5654.0,16.0,32.0,-5.0,20:52,455866
68.5,46.0,5647.0,42.0,5657.0,Buy Dominant,5647.0,5651.0,41.5,4.0,27.0,20:53,455866
5.0,-13.0,5645.0,-9.0,5648.0,Buy Dominant,5645.0,5647.0,4.0,-4.0,1.0,20:54,455866
4.5,7.0,5649.0,12.0,5649.0,Neutral,5647.0,5647.0,4.5,-5.0,0.0,20:55,455866
1.5,-27.0,5653.0,-11.0,5653.0,Neutral,5653.0,5653.0,1.5,-16.0,0.0,20:56,455866
11.5,17.0,5652.0,26.0,5655.0,Neutral,5652.0,5655.0,11.5,-9.0,0.0,20:57,455866
2.0,-34.0,5655.0,-29.0,5655.0,Neutral,5653.0,5653.0,2.0,-5.0,0.0,20:58,455866
16.5,21.0,5658.0,52.0,5658.0,Buy Dominant,5656.0,5656.0,14.5,-31.0,2.0,20:59,455866
10.0,70.0,5660.0,37.0,5660.0,Sell Dominant,5659.0,5660.0,12.0,33.0,-2.0,21:00,455866
9.5,81.0,5659.0,100.0,5659.0,Neutral,5657.0,5659.0,9.5,-19.0,0.0,21:01,455866
7.5,-43.0,5661.0,-41.0,5663.0,Sell Dominant,5659.0,5659.0,8.5,-2.0,-1.0,21:02,455866
18.5,58.0,5665.0,69.0,5665.0,Buy Dominant,5661.0,5661.0,8.5,-11.0,10.0,21:03,455866
9.5,61.0,5659.0,44.0,5662.0,Sell Dominant,5659.0,5662.0,16.5,17.0,-7.0,21:04,455866
6.5,-68.0,5659.0,-74.0,5661.0,Buy Dominant,5659.0,5660.0,5.5,6.0,1.0,21:05,455866
15.5,-12.0,5660.0,-28.0,5661.0,Buy Dominant,5659.0,5660.0,5.5,16.0,10.0,21:06,455866
16.5,-10.0,5664.0,-7.0,5664.0,Buy Dominant,5659.0,5659.0,15.5,-3.0,1.0,21:07,455866
1.0,-29.0,5661.0,-23.0,5664.0,Neutral,5660.0,5664.0,1.0,-6.0,0.0,21:08,455866
3.5,-35.0,5663.0,-67.0,5664.0,Buy Dominant,5661.0,5664.0,2.5,32.0,1.0,21:09,455866
5.5,38.0,5660.0,25.0,5660.0,Sell Dominant,5659.0,5660.0,6.5,13.0,-1.0,21:10,455866
2.5,1.0,5658.0,4.0,5662.0,Sell Dominant,5658.0,5659.0,6.5,-3.0,-4.0,21:11,455866
3.0,31.0,5656.0,25.0,5659.0,Neutral,5656.0,5658.0,3.0,6.0,0.0,21:12,455866
21.0,-81.0,5658.0,-86.0,5660.0,Buy Dominant,5657.0,5657.0,12.0,5.0,9.0,21:13,455866
1.5,-53.0,5658.0,-67.0,5658.0,Sell Dominant,5657.0,5657.0,9.5,14.0,-8.0,21:14,455866
14.5,-15.0,5656.0,-41.0,5658.0,Buy Dominant,5656.0,5657.0,9.5,26.0,5.0,21:16,455866
2.5,6.0,5657.0,8.0,5657.0,Neutral,5655.0,5655.0,2.5,-2.0,0.0,21:17,455866
23.0,-8.0,5661.0,6.0,5662.0,Buy Dominant,5658.0,5658.0,5.0,-14.0,18.0,21:18,455866
4.0,5.0,5660.0,0.0,5663.0,Sell Dominant,5660.0,5662.0,8.0,5.0,-4.0,21:19,455866
8.0,-15.0,5663.0,-5.0,5663.0,Sell Dominant,5661.0,5663.0,9.0,-10.0,-1.0,21:20,455866
95.0,5.0,5664.0,39.0,5670.0,Buy Dominant,5663.0,5663.0,34.0,-34.0,61.0,21:21,455866
8.5,7.0,5666.0,1.0,5667.0,Buy Dominant,5663.0,5666.0,6.5,6.0,2.0,21:22,455866
17.5,30.0,5667.0,12.0,5669.0,Buy Dominant,5666.0,5666.0,7.5,18.0,10.0,21:23,455866
26.0,27.0,5665.0,61.0,5669.0,Sell Dominant,5665.0,5667.0,37.0,-34.0,-11.0,21:24,455866
22.5,-28.0,5669.0,-26.0,5669.0,Neutral,5668.0,5668.0,22.5,-2.0,0.0,21:25,455866
10.0,-28.0,5669.0,-32.0,5669.0,Neutral,5667.0,5669.0,10.0,4.0,0.0,21:26,455866
47.0,-14.0,5669.0,-26.0,5670.0,Buy Dominant,5668.0,5670.0,14.0,12.0,33.0,21:27,455866
5.0,15.0,5667.0,17.0,5669.0,Neutral,5666.0,5669.0,5.0,-2.0,0.0,21:28,455866
0.5,68.0,5669.0,71.0,5669.0,Neutral,5669.0,5669.0,0.5,-3.0,0.0,21:29,455866
0.0,48.0,5668.0,47.0,5668.0,Neutral,5668.0,5668.0,0.0,1.0,0.0,21:30,455866
18.0,-71.0,5666.0,-53.0,5668.0,Neutral,5665.0,5668.0,18.0,-18.0,0.0,21:31,455866
1.5,-9.0,5666.0,-18.0,5666.0,Neutral,5666.0,5666.0,1.5,9.0,0.0,21:32,455866
1.0,47.0,5665.0,56.0,5665.0,Neutral,5664.0,5664.0,1.0,-9.0,0.0,21:33,455866
3.0,-86.0,5663.0,-110.0,5665.0,Sell Dominant,5663.0,5665.0,5.0,24.0,-2.0,21:34,455866
6.5,17.0,5663.0,11.0,5665.0,Sell Dominant,5663.0,5663.0,8.5,6.0,-2.0,21:35,455866
10.5,16.0,5660.0,19.0,5664.0,Neutral,5660.0,5661.0,10.5,-3.0,0.0,21:36,455866
2.0,41.0,5660.0,38.0,5662.0,Neutral,5660.0,5662.0,2.0,3.0,0.0,21:37,455866
20.5,-25.0,5662.0,-27.0,5662.0,Buy Dominant,5659.0,5660.0,15.5,2.0,5.0,21:38,455866
4.5,-14.0,5661.0,-5.0,5664.0,Buy Dominant,5660.0,5660.0,3.5,-9.0,1.0,21:39,455866
0.0,-20.0,5664.0,-24.0,5664.0,Neutral,5664.0,5664.0,0.0,4.0,0.0,21:40,455866
0.0,0.0,294.2,0.0,294.2,Neutral,294.2,294.2,0.0,0.0,0.0,20:40,456791
6.0,2.0,294.1,-21.0,294.3,Sell Dominant,294.1,294.3,11.0,23.0,-5.0,20:41,456791
15.0,11.0,294.2,15.0,294.2,Buy Dominant,294.1,294.1,4.0,-4.0,11.0,20:42,456791
4.0,-16.0,293.9,-37.0,294.2,Sell Dominant,293.9,294.2,21.0,21.0,-17.0,20:43,456791
9.5,26.0,294.2,58.0,294.2,Buy Dominant,293.9,293.9,5.5,-32.0,4.0,20:44,456791
6.5,-55.0,294.1,-111.0,294.3,Sell Dominant,294.1,294.2,12.5,56.0,-6.0,20:45,456791
8.0,18.0,294.0,33.0,294.1,Sell Dominant,294.0,294.0,10.0,-15.0,-2.0,20:46,456791
1.5,7.0,294.0,14.0,294.0,Neutral,294.0,294.0,1.5,-7.0,0.0,20:47,456791
5.0,44.0,294.1,56.0,294.2,Sell Dominant,294.1,294.2,6.0,-12.0,-1.0,20:48,456791
8.0,-16.0,294.4,-24.0,294.4,Buy Dominant,294.3,294.3,6.0,8.0,2.0,20:49,456791
1.5,-31.0,294.4,-66.0,294.4,Neutral,294.3,294.3,1.5,35.0,0.0,20:50,456791
1.0,1.0,294.2,7.0,294.2,Sell Dominant,294.2,294.2,2.0,-6.0,-1.0,20:51,456791
5.0,-8.0,294.1,-15.0,294.2,Sell Dominant,294.0,294.1,9.0,7.0,-4.0,20:52,456791
4.0,-54.0,293.8,-75.0,294.1,Sell Dominant,293.8,294.1,64.0,21.0,-60.0,20:53,456791
26.0,39.0,293.7,65.0,293.7,Buy Dominant,293.5,293.7,19.0,-26.0,7.0,20:54,456791
19.5,11.0,293.8,1.0,293.8,Buy Dominant,293.8,293.8,3.5,10.0,16.0,20:55,456791
7.0,7.0,294.1,17.0,294.1,Neutral,294.0,294.0,7.0,-10.0,0.0,20:56,456791
2.0,-17.0,294.0,-44.0,294.2,Sell Dominant,294.0,294.1,7.0,27.0,-5.0,20:57,456791
5.0,-3.0,294.2,-7.0,294.2,Buy Dominant,294.2,294.2,0.0,4.0,5.0,20:58,456791
2.5,-13.0,294.2,12.0,294.2,Neutral,294.2,294.2,2.5,-25.0,0.0,20:59,456791
2.0,-40.0,294.1,-68.0,294.3,Sell Dominant,294.1,294.2,5.0,28.0,-3.0,21:00,456791
51.5,-19.0,294.0,-131.0,294.2,Buy Dominant,294.0,294.1,11.5,112.0,40.0,21:01,456791
0.5,9.0,293.9,21.0,293.9,Sell Dominant,293.9,293.9,1.5,-12.0,-1.0,21:02,456791
16.0,17.0,294.2,34.0,294.2,Buy Dominant,294.0,294.0,2.0,-17.0,14.0,21:03,456791
1.0,-4.0,294.2,-6.0,294.2,Neutral,294.2,294.2,1.0,2.0,0.0,21:04,456791
6.5,-13.0,293.8,-27.0,294.1,Sell Dominant,293.8,294.1,15.5,14.0,-9.0,21:05,456791
6.0,21.0,293.8,33.0,293.8,Buy Dominant,293.6,293.8,4.0,-12.0,2.0,21:06,456791
0.5,-14.0,293.9,-20.0,293.9,Neutral,293.9,293.9,0.5,6.0,0.0,21:07,456791
1.0,2.0,293.8,-12.0,293.8,Neutral,293.7,293.8,1.0,14.0,0.0,21:08,456791
75.5,-42.0,294.5,-24.0,294.5,Buy Dominant,294.4,294.4,2.5,-18.0,73.0,21:09,456791
598.0,-31.0,295.9,222.0,296.1,Buy Dominant,294.6,294.6,145.0,-253.0,453.0,21:10,456791
298.0,58.0,297.2,220.0,297.4,Buy Dominant,295.8,296.0,129.0,-162.0,169.0,21:11,456791
140.0,-91.0,296.7,-210.0,297.5,Sell Dominant,296.5,297.2,163.0,119.0,-23.0,21:12,456791
27.0,-30.0,296.0,-47.0,296.6,Sell Dominant,295.9,296.5,30.0,17.0,-3.0,21:13,456791
25.0,19.0,295.6,-10.0,296.0,Sell Dominant,295.4,295.9,63.0,29.0,-38.0,21:14,456791
104.0,99.0,297.0,160.0,297.0,Buy Dominant,295.6,295.6,45.0,-61.0,59.0,21:15,456791
60.5,13.0,296.3,-37.0,297.0,Sell Dominant,296.2,296.9,67.5,50.0,-7.0,21:16,456791
27.0,-4.0,296.4,-15.0,296.6,Sell Dominant,296.2,296.6,43.0,11.0,-16.0,21:17,456791
32.5,-4.0,296.5,-65.0,296.9,Buy Dominant,296.5,296.6,17.5,61.0,15.0,21:18,456791
12.0,41.0,296.6,67.0,296.7,Buy Dominant,296.2,296.4,10.0,-26.0,2.0,21:19,456791
43.0,-9.0,296.6,7.0,297.0,Sell Dominant,296.4,296.7,44.0,-16.0,-1.0,21:20,456791
9.5,-60.0,296.3,-124.0,296.7,Sell Dominant,296.2,296.7,17.5,64.0,-8.0,21:21,456791
107.0,-70.0,295.2,-55.0,296.1,Sell Dominant,295.1,296.1,360.0,-15.0,-253.0,21:22,456791
3.0,5.0,295.3,5.0,295.4,Sell Dominant,295.2,295.2,4.0,0.0,-1.0,21:23,456791
51.5,-31.0,295.1,-70.0,295.5,Buy Dominant,295.0,295.5,46.5,39.0,5.0,21:24,456791
8.5,55.0,295.7,115.0,295.7,Buy Dominant,295.2,295.2,5.5,-60.0,3.0,21:25,456791
7.5,-26.0,295.8,-52.0,295.8,Neutral,295.7,295.7,7.5,26.0,0.0,21:26,456791
4.5,-5.0,295.5,-4.0,295.7,Sell Dominant,295.5,295.7,6.5,-1.0,-2.0,21:27,456791
20.0,-3.0,295.6,-16.0,295.8,Buy Dominant,295.6,295.6,7.0,13.0,13.0,21:28,456791
3.5,17.0,295.5,24.0,295.6,Neutral,295.5,295.6,3.5,-7.0,0.0,21:29,456791
18.0,-17.0,295.2,-51.0,295.5,Neutral,295.2,295.5,18.0,34.0,0.0,21:30,456791
28.0,13.0,295.3,13.0,295.3,Buy Dominant,295.1,295.2,18.0,0.0,10.0,21:31,456791
6.0,15.0,295.4,9.0,295.4,Buy Dominant,295.1,295.4,2.0,6.0,4.0,21:32,456791
1.0,13.0,295.2,0.0,295.4,Sell Dominant,295.2,295.4,2.0,13.0,-1.0,21:33,456791
8.5,43.0,295.6,64.0,295.6,Buy Dominant,295.2,295.2,5.5,-21.0,3.0,21:34,456791
4.5,-14.0,295.5,-40.0,295.6,Sell Dominant,295.5,295.6,5.5,26.0,-1.0,21:35,456791
2.5,13.0,295.5,13.0,295.5,Sell Dominant,295.3,295.4,7.5,0.0,-5.0,21:36,456791
28.0,-8.0,295.4,-1.0,295.5,Buy Dominant,295.3,295.3,12.0,-7.0,16.0,21:37,456791
7.5,1.0,295.5,-11.0,295.5,Buy Dominant,295.3,295.5,6.5,12.0,1.0,21:38,456791
1.0,3.0,295.4,-6.0,295.4,Neutral,295.4,295.4,1.0,9.0,0.0,21:39,456791
0.0,-10.0,294.3,-23.0,294.3,Neutral,294.3,294.3,0.0,13.0,0.0,20:40,456792
1.0,-1.0,294.0,-14.0,294.3,Sell Dominant,294.0,294.3,3.0,13.0,-2.0,20:41,456792
14.5,0.0,294.3,-4.0,294.3,Buy Dominant,294.2,294.2,10.5,4.0,4.0,20:42,456792
15.5,-17.0,294.2,-14.0,294.3,Neutral,294.2,294.3,15.5,-3.0,0.0,20:43,456792
4.5,19.0,294.1,24.0,294.2,Buy Dominant,294.0,294.0,2.5,-5.0,2.0,20:44,456792
25.5,-24.0,294.2,-35.0,294.2,Buy Dominant,294.2,294.2,3.5,11.0,22.0,20:45,456792
4.5,20.0,294.1,23.0,294.1,Neutral,293.9,293.9,4.5,-3.0,0.0,20:46,456792
9.0,14.0,294.1,34.0,294.1,Buy Dominant,294.0,294.0,7.0,-20.0,2.0,20:47,456792
0.5,-15.0,294.1,-29.0,294.1,Neutral,294.1,294.1,0.5,14.0,0.0,20:48,456792
65.0,38.0,294.4,73.0,294.4,Buy Dominant,294.0,294.0,3.0,-35.0,62.0,20:49,456792
5.0,7.0,294.3,-20.0,294.3,Neutral,294.3,294.3,5.0,27.0,0.0,20:50,456792
12.0,7.0,294.2,-4.0,294.3,Sell Dominant,294.2,294.2,69.0,11.0,-57.0,20:51,456792
18.5,-2.0,294.0,-3.0,294.2,Neutral,294.0,294.2,18.5,1.0,0.0,20:52,456792
5.0,-19.0,293.9,-1.0,294.0,Sell Dominant,293.8,294.0,50.0,-18.0,-45.0,20:53,456792
18.0,-32.0,293.5,-34.0,293.8,Sell Dominant,293.5,293.8,31.0,2.0,-13.0,20:54,456792
5.5,43.0,293.8,44.0,293.8,Neutral,293.8,293.8,5.5,-1.0,0.0,20:55,456792
6.5,22.0,293.8,25.0,293.8,Neutral,293.8,293.8,6.5,-3.0,0.0,20:56,456792
1.5,-12.0,294.1,-62.0,294.2,Sell Dominant,294.0,294.0,2.5,50.0,-1.0,20:57,456792
9.0,-8.0,294.0,-2.0,294.2,Buy Dominant,294.0,294.2,7.0,-6.0,2.0,20:58,456792
1.0,-1.0,294.0,6.0,294.0,Neutral,294.0,294.0,1.0,-7.0,0.0,20:59,456792
6.0,27.0,294.4,29.0,294.4,Buy Dominant,294.2,294.2,3.0,-2.0,3.0,21:00,456792
23.0,-32.0,294.0,-84.0,294.4,Sell Dominant,294.0,294.4,25.0,52.0,-2.0,21:01,456792
1.0,-6.0,294.0,-13.0,294.0,Buy Dominant,293.9,293.9,0.0,7.0,1.0,21:02,456792
4.5,23.0,294.3,35.0,294.3,Buy Dominant,294.2,294.2,1.5,-12.0,3.0,21:03,456792
1.0,-20.0,294.2,-24.0,294.3,Neutral,294.2,294.3,1.0,4.0,0.0,21:04,456792
1.0,-9.0,293.7,-17.0,294.1,Sell Dominant,293.7,294.0,49.0,8.0,-48.0,21:05,456792
13.0,11.0,293.8,16.0,293.8,Buy Dominant,293.5,293.7,9.0,-5.0,4.0,21:06,456792
2.0,-11.0,293.8,-14.0,293.8,Neutral,293.8,293.8,2.0,3.0,0.0,21:07,456792
9.5,10.0,293.7,15.0,293.7,Buy Dominant,293.6,293.7,5.5,-5.0,4.0,21:08,456792
61.0,-6.0,294.5,16.0,294.5,Buy Dominant,293.7,293.7,4.0,-22.0,57.0,21:09,456792
560.5,-33.0,296.1,445.0,296.3,Buy Dominant,294.4,294.4,181.5,-478.0,379.0,21:10,456792
165.5,63.0,297.1,150.0,297.3,Buy Dominant,295.8,296.0,107.5,-87.0,58.0,21:11,456792
35.5,-80.0,296.7,-114.0,297.4,Sell Dominant,296.5,297.2,133.5,34.0,-98.0,21:12,456792
90.5,-52.0,295.9,-56.0,296.7,Buy Dominant,295.9,296.7,56.5,4.0,34.0,21:13,456792
17.0,22.0,295.5,6.0,295.9,Sell Dominant,295.5,295.9,53.0,16.0,-36.0,21:14,456792
131.0,60.0,297.2,-6.0,297.2,Buy Dominant,295.6,295.6,32.0,66.0,99.0,21:15,456792
31.5,-60.0,296.3,-98.0,297.2,Buy Dominant,296.2,297.2,27.5,38.0,4.0,21:16,456792
9.0,2.0,296.4,-18.0,296.6,Sell Dominant,296.0,296.5,33.0,20.0,-24.0,21:17,456792
37.5,6.0,296.3,-23.0,296.9,Sell Dominant,296.3,296.5,40.5,29.0,-3.0,21:18,456792
15.5,24.0,296.5,34.0,296.7,Sell Dominant,296.3,296.3,25.5,-10.0,-10.0,21:19,456792
20.0,13.0,296.6,-14.0,296.8,Sell Dominant,296.3,296.6,49.0,27.0,-29.0,21:20,456792
13.5,-9.0,296.2,-15.0,296.6,Sell Dominant,296.2,296.6,17.5,6.0,-4.0,21:21,456792
42.0,-23.0,295.2,5.0,296.0,Sell Dominant,295.2,296.0,175.0,-28.0,-133.0,21:22,456792
8.0,1.0,295.3,4.0,295.5,Sell Dominant,295.3,295.5,9.0,-3.0,-1.0,21:23,456792
14.5,-8.0,295.1,-39.0,295.8,Sell Dominant,295.0,295.5,39.5,31.0,-25.0,21:24,456792
72.5,77.0,295.8,96.0,295.8,Buy Dominant,295.3,295.5,2.5,-19.0,70.0,21:25,456792
7.0,-42.0,295.9,-153.0,295.9,Buy Dominant,295.7,295.7,5.0,111.0,2.0,21:26,456792
10.5,75.0,295.6,69.0,295.6,Sell Dominant,295.6,295.6,13.5,6.0,-3.0,21:27,456792
52.0,-97.0,295.9,-113.0,295.9,Buy Dominant,295.6,295.6,51.0,16.0,1.0,21:28,456792
2.0,11.0,295.6,5.0,295.8,Neutral,295.6,295.7,2.0,6.0,0.0,21:29,456792
29.5,-33.0,295.4,-64.0,295.8,Buy Dominant,295.1,295.8,22.5,31.0,7.0,21:30,456792
6.0,-1.0,295.4,-4.0,295.5,Sell Dominant,295.1,295.1,9.0,3.0,-3.0,21:31,456792
3.5,3.0,295.4,8.0,295.4,Neutral,295.4,295.4,3.5,-5.0,0.0,21:32,456792
6.5,-5.0,295.2,-10.0,295.4,Neutral,295.2,295.4,6.5,5.0,0.0,21:33,456792
16.5,35.0,295.7,-66.0,295.7,Buy Dominant,295.4,295.4,5.5,101.0,11.0,21:34,456792
5.0,16.0,295.4,15.0,295.8,Sell Dominant,295.4,295.8,6.0,1.0,-1.0,21:35,456792
1.0,-3.0,295.4,-7.0,295.7,Neutral,295.4,295.7,1.0,4.0,0.0,21:36,456792
5.0,6.0,295.4,-3.0,295.5,Buy Dominant,295.4,295.5,2.0,9.0,3.0,21:37,456792
5.5,18.0,295.4,17.0,295.4,Neutral,295.4,295.4,5.5,1.0,0.0,21:38,456792
0.5,-66.0,295.4,18.0,295.4,Neutral,295.4,295.4,0.5,-84.0,0.0,21:39,456792
2.0,20.0,295.6,20.0,295.6,Buy Dominant,295.6,295.6,0.0,0.0,2.0,21:40,456792
0.0,0.0,55653.6,0.0,55653.6,Neutral,55653.6,55653.6,0.0,0.0,0.0,15:29,52145
0.0,0.0,26687.0,0.0,26687.0,Neutral,26687.0,26687.0,0.0,0.0,0.0,15:29,52146
0.0,0.0,13257.75,0.0,13257.75,Neutral,13257.75,13257.75,0.0,0.0,0.0,15:29,52147
0.0,0.0,25468.9,0.0,25468.9,Neutral,25468.9,25468.9,0.0,0.0,0.0,15:29,52168
0.0,0.0,69625.0,0.0,69625.0,Neutral,69625.0,69625.0,0.0,0.0,0.0,15:29,52169
0.0,0.0,55350.0,0.0,55350.0,Neutral,55350.0,55350.0,0.0,0.0,0.0,15:29,52995
0.0,0.0,26573.5,0.0,26573.5,Neutral,26573.5,26573.5,0.0,0.0,0.0,15:29,52997
0.0,0.0,13197.15,0.0,13197.15,Neutral,13197.15,13197.15,0.0,0.0,0.0,15:29,52998
0.0,0.0,25351.1,0.0,25351.1,Neutral,25351.1,25351.1,0.0,0.0,0.0,15:29,53001
0.0,0.0,69231.0,0.0,69231.0,Neutral,69231.0,69231.0,0.0,0.0,0.0,15:29,53002
0.5,-1.0,111107.0,-6.0,111107.0,Neutral,111107.0,111107.0,0.5,5.0,0.0,20:40,445003
3.0,-2.0,111154.0,-2.0,111160.0,Neutral,111140.0,111140.0,3.0,0.0,0.0,20:41,445003
1.0,-2.0,111157.0,-8.0,111177.0,Neutral,111154.0,111154.0,1.0,6.0,0.0,20:42,445003
3.5,0.0,111154.0,11.0,111179.0,Sell Dominant,111154.0,111157.0,5.5,-11.0,-2.0,20:43,445003
2.0,1.0,111162.0,-2.0,111162.0,Buy Dominant,111151.0,111154.0,1.0,3.0,1.0,20:44,445003
2.0,4.0,111166.0,-3.0,111185.0,Neutral,111161.0,111185.0,2.0,7.0,0.0,20:45,445003
1.0,-1.0,111205.0,2.0,111209.0,Neutral,111165.0,111165.0,1.0,-3.0,0.0,20:46,445003
2.0,10.0,111169.0,7.0,111205.0,Neutral,111169.0,111205.0,2.0,3.0,0.0,20:47,445003
1.0,-1.0,111191.0,13.0,111191.0,Neutral,111183.0,111183.0,1.0,-14.0,0.0,20:48,445003
1.5,-1.0,111240.0,-2.0,111240.0,Sell Dominant,111191.0,111191.0,2.5,1.0,-1.0,20:49,445003
1.0,7.0,111250.0,7.0,111250.0,Neutral,111232.0,111240.0,1.0,0.0,0.0,20:50,445003
3.0,-1.0,111293.0,-14.0,111308.0,Neutral,111286.0,111286.0,3.0,13.0,0.0,20:51,445003
2.0,-6.0,111261.0,-9.0,111310.0,Sell Dominant,111241.0,111281.0,3.0,3.0,-1.0,20:52,445003
2.0,-1.0,111214.0,0.0,111240.0,Neutral,111214.0,111240.0,2.0,-1.0,0.0,20:53,445003
1.0,1.0,111188.0,0.0,111201.0,Sell Dominant,111188.0,111201.0,4.0,1.0,-3.0,20:54,445003
0.5,0.0,111168.0,8.0,111168.0,Sell Dominant,111167.0,111167.0,1.5,-8.0,-1.0,20:55,445003
3.0,3.0,111165.0,3.0,111200.0,Buy Dominant,111165.0,111184.0,2.0,0.0,1.0,20:56,445003
2.5,3.0,111168.0,7.0,111175.0,Buy Dominant,111162.0,111175.0,1.5,-4.0,1.0,20:57,445003
0.0,-8.0,111168.0,-20.0,111175.0,Sell Dominant,111168.0,111175.0,1.0,12.0,-1.0,20:58,445003
3.5,-5.0,111120.0,1.0,111168.0,Sell Dominant,111101.0,111168.0,4.5,-6.0,-1.0,20:59,445003
1.5,9.0,111055.0,23.0,111100.0,Sell Dominant,111055.0,111100.0,3.5,-14.0,-2.0,21:00,445003
2.0,-6.0,111071.0,-13.0,111107.0,Sell Dominant,111071.0,111098.0,3.0,7.0,-1.0,21:01,445003
3.0,-1.0,111057.0,11.0,111060.0,Neutral,111057.0,111060.0,3.0,-12.0,0.0,21:02,445003
7.0,5.0,111050.0,10.0,111084.0,Sell Dominant,111050.0,111084.0,8.0,-5.0,-1.0,21:03,445003
3.0,-8.0,111035.0,-7.0,111063.0,Sell Dominant,111023.0,111039.0,5.0,-1.0,-2.0,21:04,445003
2.5,-5.0,111026.0,-13.0,111026.0,Sell Dominant,111010.0,111022.0,3.5,8.0,-1.0,21:05,445003
3.5,0.0,111051.0,8.0,111056.0,Buy Dominant,111020.0,111026.0,2.5,-8.0,1.0,21:06,445003
0.5,-2.0,111050.0,-1.0,111050.0,Neutral,111050.0,111050.0,0.5,-1.0,0.0,21:07,445003
4.0,8.0,111033.0,11.0,111079.0,Sell Dominant,111031.0,111050.0,5.0,-3.0,-1.0,21:08,445003
3.5,-5.0,111090.0,2.0,111090.0,Buy Dominant,111052.0,111052.0,1.5,-7.0,2.0,21:09,445003
1.5,1.0,111040.0,-1.0,111090.0,Neutral,111040.0,111090.0,1.5,2.0,0.0,21:10,445003
0.5,-1.0,111051.0,3.0,111051.0,Neutral,111050.0,111050.0,0.5,-4.0,0.0,21:11,445003
2.0,0.0,111022.0,-9.0,111027.0,Sell Dominant,111022.0,111027.0,3.0,9.0,-1.0,21:12,445003
1.5,1.0,111032.0,5.0,111032.0,Buy Dominant,111030.0,111030.0,0.5,-4.0,1.0,21:13,445003
1.5,9.0,111025.0,14.0,111031.0,Sell Dominant,111025.0,111031.0,2.5,-5.0,-1.0,21:14,445003
1.0,10.0,111070.0,-1.0,111099.0,Sell Dominant,111059.0,111070.0,2.0,11.0,-1.0,21:15,445003
1.0,-8.0,111117.0,1.0,111117.0,Neutral,111091.0,111091.0,1.0,-9.0,0.0,21:16,445003
1.5,11.0,111136.0,16.0,111136.0,Buy Dominant,111126.0,111126.0,0.5,-5.0,1.0,21:17,445003
3.5,-7.0,111125.0,-17.0,111169.0,Buy Dominant,111125.0,111153.0,1.5,10.0,2.0,21:18,445003
1.0,-6.0,111118.0,-12.0,111147.0,Sell Dominant,111118.0,111147.0,2.0,6.0,-1.0,21:19,445003
1.0,15.0,111126.0,20.0,111126.0,Neutral,111121.0,111121.0,1.0,-5.0,0.0,21:20,445003
4.0,-2.0,111156.0,-3.0,111175.0,Buy Dominant,111127.0,111140.0,2.0,1.0,2.0,21:21,445003
0.5,-2.0,111173.0,3.0,111173.0,Neutral,111157.0,111157.0,0.5,-5.0,0.0,21:22,445003
6.5,0.0,111200.0,-26.0,111200.0,Buy Dominant,111160.0,111200.0,4.5,26.0,2.0,21:23,445003
5.0,1.0,111166.0,-3.0,111202.0,Buy Dominant,111166.0,111167.0,4.0,4.0,1.0,21:24,445003
2.5,5.0,111186.0,9.0,111204.0,Buy Dominant,111176.0,111176.0,1.5,-4.0,1.0,21:25,445003
3.0,0.0,111174.0,-13.0,111218.0,Sell Dominant,111174.0,111218.0,4.0,13.0,-1.0,21:26,445003
2.0,2.0,111193.0,3.0,111193.0,Buy Dominant,111175.0,111175.0,0.0,-1.0,2.0,21:27,445003
2.5,1.0,111200.0,5.0,111207.0,Neutral,111200.0,111200.0,2.5,-4.0,0.0,21:28,445003
1.5,1.0,111207.0,6.0,111207.0,Buy Dominant,111200.0,111200.0,0.5,-5.0,1.0,21:29,445003
1.5,-2.0,111212.0,0.0,111225.0,Neutral,111200.0,111225.0,1.5,-2.0,0.0,21:31,445003
0.5,-7.0,111228.0,-21.0,111228.0,Neutral,111228.0,111228.0,0.5,14.0,0.0,21:32,445003
0.0,-1.0,111186.0,-7.0,111186.0,Neutral,111186.0,111186.0,0.0,6.0,0.0,21:36,445003
1.0,-7.0,111165.0,-5.0,111165.0,Sell Dominant,111165.0,111165.0,2.0,-2.0,-1.0,21:40,445003
0.0,0.0,128940.0,0.0,128940.0,Neutral,128940.0,128940.0,0.0,0.0,0.0,20:40,440938
99.5,-33.0,128901.0,-86.0,128980.0,Sell Dominant,128901.0,128918.0,105.5,53.0,-6.0,20:41,440938
47.5,33.0,128858.0,28.0,128915.0,Sell Dominant,128840.0,128898.0,48.5,5.0,-1.0,20:42,440938
43.0,13.0,128841.0,-52.0,128888.0,Sell Dominant,128824.0,128888.0,51.0,65.0,-8.0,20:43,440938
85.0,35.0,128806.0,117.0,128899.0,Sell Dominant,128806.0,128844.0,99.0,-82.0,-14.0,20:44,440938
86.0,6.0,128853.0,41.0,128921.0,Buy Dominant,128806.0,128806.0,68.0,-35.0,18.0,20:45,440938
69.0,38.0,128900.0,32.0,128945.0,Sell Dominant,128846.0,128846.0,76.0,6.0,-7.0,20:46,440938
48.0,-39.0,128854.0,-59.0,128933.0,Sell Dominant,128825.0,128926.0,53.0,20.0,-5.0,20:47,440938
47.0,101.0,128887.0,90.0,128889.0,Buy Dominant,128842.0,128845.0,25.0,11.0,22.0,20:48,440938
51.0,33.0,128975.0,122.0,128990.0,Buy Dominant,128887.0,128887.0,38.0,-89.0,13.0,20:49,440938
133.0,13.0,129016.0,25.0,129023.0,Buy Dominant,128966.0,128997.0,37.0,-12.0,96.0,20:50,440938
82.0,15.0,129079.0,50.0,129108.0,Sell Dominant,129016.0,129016.0,115.0,-35.0,-33.0,20:51,440938
57.0,-9.0,129072.0,-37.0,129109.0,Buy Dominant,128998.0,129087.0,48.0,28.0,9.0,20:52,440938
73.5,-84.0,128911.0,-141.0,129066.0,Buy Dominant,128900.0,129045.0,54.5,57.0,19.0,20:53,440938
36.0,21.0,128938.0,8.0,128945.0,Buy Dominant,128889.0,128911.0,28.0,13.0,8.0,20:54,440938
76.5,31.0,128980.0,51.0,128997.0,Buy Dominant,128924.0,128937.0,59.5,-20.0,17.0,20:55,440938
17.5,-21.0,128950.0,-17.0,128984.0,Sell Dominant,128940.0,128983.0,25.5,-4.0,-8.0,20:56,440938
25.5,5.0,128940.0,-23.0,128976.0,Sell Dominant,128928.0,128951.0,26.5,28.0,-1.0,20:57,440938
18.0,18.0,128909.0,13.0,128957.0,Sell Dominant,128900.0,128941.0,33.0,5.0,-15.0,20:58,440938
164.5,-254.0,128700.0,-255.0,128936.0,Sell Dominant,128700.0,128936.0,293.5,1.0,-129.0,20:59,440938
176.0,52.0,128668.0,5.0,128740.0,Sell Dominant,128648.0,128738.0,266.0,47.0,-90.0,21:00,440938
81.0,7.0,128660.0,26.0,128699.0,Sell Dominant,128628.0,128659.0,132.0,-19.0,-51.0,21:01,440938
419.5,-255.0,128505.0,-320.0,128660.0,Buy Dominant,128480.0,128651.0,166.5,65.0,253.0,21:02,440938
178.0,25.0,128451.0,14.0,128520.0,Sell Dominant,128451.0,128501.0,209.0,11.0,-31.0,21:03,440938
95.5,-65.0,128375.0,-83.0,128475.0,Buy Dominant,128375.0,128450.0,92.5,18.0,3.0,21:04,440938
211.0,66.0,128432.0,184.0,128452.0,Sell Dominant,128316.0,128340.0,260.0,-118.0,-49.0,21:05,440938
116.0,29.0,128564.0,-6.0,128564.0,Buy Dominant,128431.0,128457.0,72.0,35.0,44.0,21:06,440938
121.0,11.0,128575.0,16.0,128598.0,Buy Dominant,128520.0,128571.0,77.0,-5.0,44.0,21:07,440938
39.5,28.0,128580.0,5.0,128595.0,Buy Dominant,128545.0,128590.0,38.5,23.0,1.0,21:08,440938
40.0,13.0,128590.0,24.0,128597.0,Sell Dominant,128549.0,128583.0,44.0,-11.0,-4.0,21:09,440938
59.5,-11.0,128437.0,-43.0,128590.0,Sell Dominant,128405.0,128572.0,83.5,32.0,-24.0,21:10,440938
116.0,-15.0,128407.0,-32.0,128452.0,Buy Dominant,128376.0,128434.0,99.0,17.0,17.0,21:11,440938
86.5,85.0,128339.0,47.0,128384.0,Buy Dominant,128311.0,128350.0,73.5,38.0,13.0,21:12,440938
164.5,-172.0,128210.0,-177.0,128335.0,Sell Dominant,128202.0,128320.0,307.5,5.0,-143.0,21:13,440938
144.0,78.0,128357.0,82.0,128357.0,Buy Dominant,128198.0,128210.0,119.0,-4.0,25.0,21:14,440938
98.5,96.0,128418.0,94.0,128450.0,Buy Dominant,128334.0,128345.0,82.5,2.0,16.0,21:15,440938
39.5,68.0,128479.0,73.0,128490.0,Sell Dominant,128394.0,128397.0,76.5,-5.0,-37.0,21:16,440938
149.5,51.0,128533.0,119.0,128590.0,Buy Dominant,128478.0,128478.0,117.5,-68.0,32.0,21:17,440938
37.0,0.0,128498.0,23.0,128590.0,Buy Dominant,128498.0,128533.0,20.0,-23.0,17.0,21:18,440938
67.5,35.0,128534.0,41.0,128582.0,Sell Dominant,128480.0,128515.0,86.5,-6.0,-19.0,21:19,440938
32.0,16.0,128548.0,9.0,128548.0,Sell Dominant,128485.0,128526.0,33.0,7.0,-1.0,21:20,440938
113.0,-14.0,128646.0,42.0,128646.0,Buy Dominant,128508.0,128548.0,42.0,-56.0,71.0,21:21,440938
53.0,53.0,128684.0,65.0,128699.0,Buy Dominant,128618.0,128638.0,48.0,-12.0,5.0,21:22,440938
87.0,9.0,128680.0,4.0,128722.0,Buy Dominant,128660.0,128699.0,60.0,5.0,27.0,21:23,440938
35.0,-49.0,128650.0,-71.0,128695.0,Sell Dominant,128639.0,128673.0,64.0,22.0,-29.0,21:24,440938
38.0,18.0,128710.0,0.0,128710.0,Sell Dominant,128636.0,128636.0,49.0,18.0,-11.0,21:25,440938
28.5,21.0,128675.0,12.0,128710.0,Buy Dominant,128666.0,128701.0,20.5,9.0,8.0,21:26,440938
65.5,-36.0,128713.0,-6.0,128732.0,Sell Dominant,128674.0,128701.0,101.5,-30.0,-36.0,21:27,440938
22.5,-18.0,128690.0,-44.0,128744.0,Sell Dominant,128690.0,128713.0,27.5,26.0,-5.0,21:28,440938
23.5,20.0,128695.0,-4.0,128725.0,Sell Dominant,128681.0,128686.0,25.5,24.0,-2.0,21:29,440938
21.0,38.0,128691.0,34.0,128712.0,Buy Dominant,128684.0,128691.0,17.0,4.0,4.0,21:30,440938
66.5,-2.0,128704.0,2.0,128730.0,Buy Dominant,128700.0,128710.0,13.5,-4.0,53.0,21:31,440938
60.0,-16.0,128706.0,13.0,128760.0,Buy Dominant,128700.0,128726.0,46.0,-29.0,14.0,21:32,440938
40.5,-33.0,128634.0,-52.0,128736.0,Buy Dominant,128634.0,128733.0,36.5,19.0,4.0,21:33,440938
32.0,41.0,128709.0,62.0,128709.0,Buy Dominant,128621.0,128621.0,9.0,-21.0,23.0,21:34,440938
12.0,19.0,128749.0,24.0,128758.0,Sell Dominant,128730.0,128731.0,30.0,-5.0,-18.0,21:35,440938
23.5,-10.0,128730.0,-26.0,128772.0,Sell Dominant,128730.0,128755.0,28.5,16.0,-5.0,21:36,440938
12.0,74.0,128746.0,55.0,128746.0,Sell Dominant,128710.0,128730.0,13.0,19.0,-1.0,21:37,440938
19.0,-16.0,128750.0,-8.0,128750.0,Sell Dominant,128679.0,128701.0,45.0,-8.0,-26.0,21:38,440938
12.0,-11.0,128749.0,3.0,128750.0,Sell Dominant,128726.0,128750.0,16.0,-14.0,-4.0,21:39,440938
9.0,5.0,128754.0,7.0,128754.0,Buy Dominant,128748.0,128748.0,7.0,-2.0,2.0,21:40,440938
0.0,0.0,129000.0,0.0,129000.0,Neutral,129000.0,129000.0,0.0,0.0,0.0,20:40,445004
25.5,14.0,128980.0,-6.0,129030.0,Sell Dominant,128980.0,129021.0,28.5,20.0,-3.0,20:41,445004
11.0,2.0,128919.0,17.0,128972.0,Sell Dominant,128908.0,128960.0,21.0,-15.0,-10.0,20:42,445004
27.5,-16.0,128881.0,-20.0,128939.0,Sell Dominant,128880.0,128938.0,31.5,4.0,-4.0,20:43,445004
15.5,-1.0,128929.0,-6.0,128968.0,Buy Dominant,128898.0,128920.0,14.5,5.0,1.0,20:44,445004
46.0,0.0,128919.0,-21.0,128993.0,Buy Dominant,128872.0,128893.0,23.0,21.0,23.0,20:45,445004
38.5,-18.0,128988.0,-2.0,129025.0,Buy Dominant,128910.0,128940.0,29.5,-16.0,9.0,20:46,445004
19.0,35.0,128884.0,45.0,128988.0,Neutral,128884.0,128950.0,19.0,-10.0,0.0,20:47,445004
36.5,-5.0,128940.0,-4.0,128971.0,Buy Dominant,128894.0,128917.0,20.5,-1.0,16.0,20:48,445004
12.5,3.0,129036.0,-5.0,129064.0,Buy Dominant,128967.0,128967.0,9.5,8.0,3.0,20:49,445004
16.0,28.0,129066.0,35.0,129066.0,Sell Dominant,129008.0,129036.0,19.0,-7.0,-3.0,20:50,445004
31.0,-5.0,129152.0,-12.0,129155.0,Buy Dominant,129088.0,129088.0,29.0,7.0,2.0,20:51,445004
17.0,10.0,129124.0,1.0,129150.0,Buy Dominant,129050.0,129136.0,16.0,9.0,1.0,20:52,445004
24.5,7.0,128936.0,-17.0,129110.0,Sell Dominant,128936.0,129106.0,28.5,24.0,-4.0,20:53,445004
12.0,11.0,128985.0,11.0,129000.0,Neutral,128950.0,128955.0,12.0,0.0,0.0,20:54,445004
18.5,-10.0,129056.0,-18.0,129056.0,Neutral,128974.0,128974.0,18.5,8.0,0.0,20:55,445004
11.0,-5.0,129024.0,-32.0,129050.0,Neutral,129000.0,129034.0,11.0,27.0,0.0,20:56,445004
21.5,20.0,129000.0,34.0,129033.0,Sell Dominant,128993.0,129010.0,34.5,-14.0,-13.0,20:57,445004
15.5,-25.0,128983.0,-43.0,129010.0,Sell Dominant,128960.0,129000.0,49.5,18.0,-34.0,20:58,445004
36.0,-54.0,128768.0,-37.0,128978.0,Sell Dominant,128768.0,128978.0,121.0,-17.0,-85.0,20:59,445004
52.5,-14.0,128720.0,-26.0,128816.0,Sell Dominant,128702.0,128816.0,69.5,12.0,-17.0,21:00,445004
70.0,-16.0,128715.0,31.0,128776.0,Sell Dominant,128673.0,128725.0,76.0,-47.0,-6.0,21:01,445004
35.0,14.0,128558.0,1.0,128707.0,Sell Dominant,128554.0,128701.0,88.0,13.0,-53.0,21:02,445004
64.0,-20.0,128526.0,-19.0,128583.0,Buy Dominant,128515.0,128583.0,42.0,-1.0,22.0,21:03,445004
70.0,-43.0,128422.0,-73.0,128536.0,Sell Dominant,128422.0,128509.0,74.0,30.0,-4.0,21:04,445004
70.0,16.0,128555.0,28.0,128555.0,Buy Dominant,128388.0,128401.0,42.0,-12.0,28.0,21:05,445004
30.0,49.0,128630.0,66.0,128642.0,Sell Dominant,128508.0,128540.0,57.0,-17.0,-27.0,21:06,445004
34.0,18.0,128641.0,16.0,128677.0,Sell Dominant,128570.0,128630.0,37.0,2.0,-3.0,21:07,445004
26.5,49.0,128625.0,58.0,128658.0,Buy Dominant,128598.0,128653.0,20.5,-9.0,6.0,21:08,445004
41.0,-12.0,128626.0,-6.0,128659.0,Sell Dominant,128600.0,128648.0,44.0,-6.0,-3.0,21:09,445004
68.0,-70.0,128500.0,-30.0,128650.0,Buy Dominant,128500.0,128650.0,53.0,-40.0,15.0,21:10,445004
27.0,18.0,128450.0,-7.0,128500.0,Buy Dominant,128447.0,128483.0,25.0,25.0,2.0,21:11,445004
29.5,12.0,128424.0,28.0,128445.0,Sell Dominant,128368.0,128405.0,51.5,-16.0,-22.0,21:12,445004
57.0,-8.0,128270.0,1.0,128395.0,Sell Dominant,128269.0,128395.0,68.0,-9.0,-11.0,21:13,445004
37.5,20.0,128381.0,33.0,128387.0,Sell Dominant,128260.0,128288.0,41.5,-13.0,-4.0,21:14,445004
38.0,-24.0,128501.0,-13.0,128526.0,Buy Dominant,128377.0,128377.0,30.0,-11.0,8.0,21:15,445004
24.0,28.0,128527.0,28.0,128527.0,Buy Dominant,128466.0,128466.0,17.0,0.0,7.0,21:16,445004
40.0,-13.0,128580.0,-25.0,128628.0,Sell Dominant,128520.0,128525.0,63.0,12.0,-23.0,21:17,445004
23.5,6.0,128579.0,-5.0,128628.0,Buy Dominant,128552.0,128598.0,16.5,11.0,7.0,21:18,445004
10.0,-24.0,128616.0,-23.0,128630.0,Sell Dominant,128555.0,128598.0,21.0,-1.0,-11.0,21:19,445004
9.5,9.0,128600.0,-11.0,128608.0,Sell Dominant,128551.0,128608.0,13.5,20.0,-4.0,21:20,445004
28.5,24.0,128700.0,35.0,128700.0,Buy Dominant,128564.0,128608.0,24.5,-11.0,4.0,21:21,445004
24.0,-24.0,128750.0,-12.0,128750.0,Buy Dominant,128670.0,128676.0,18.0,-12.0,6.0,21:22,445004
21.5,15.0,128742.0,2.0,128800.0,Neutral,128723.0,128800.0,21.5,13.0,0.0,21:23,445004
20.0,-1.0,128672.0,2.0,128742.0,Sell Dominant,128672.0,128725.0,24.0,-3.0,-4.0,21:24,445004
24.0,-13.0,128757.0,-17.0,128757.0,Buy Dominant,128681.0,128681.0,19.0,4.0,5.0,21:25,445004
2.5,19.0,128726.0,33.0,128760.0,Sell Dominant,128722.0,128760.0,5.5,-14.0,-3.0,21:26,445004
12.5,-10.0,128774.0,-12.0,128784.0,Neutral,128725.0,128725.0,12.5,2.0,0.0,21:27,445004
25.5,14.0,128738.0,-2.0,128802.0,Buy Dominant,128738.0,128784.0,21.5,16.0,4.0,21:28,445004
7.5,-4.0,128760.0,-1.0,128788.0,Buy Dominant,128759.0,128787.0,6.5,-3.0,1.0,21:29,445004
8.5,13.0,128777.0,11.0,128779.0,Sell Dominant,128737.0,128760.0,12.5,2.0,-4.0,21:30,445004
8.5,-11.0,128771.0,-7.0,128783.0,Sell Dominant,128753.0,128777.0,19.5,-4.0,-11.0,21:31,445004
21.0,-11.0,128783.0,-9.0,128800.0,Neutral,128771.0,128771.0,21.0,-2.0,0.0,21:32,445004
17.5,1.0,128700.0,0.0,128780.0,Sell Dominant,128700.0,128780.0,20.5,1.0,-3.0,21:33,445004
17.5,8.0,128777.0,7.0,128777.0,Buy Dominant,128730.0,128732.0,7.5,1.0,10.0,21:34,445004
7.5,7.0,128794.0,8.0,128825.0,Buy Dominant,128768.0,128768.0,6.5,-1.0,1.0,21:35,445004
9.0,1.0,128752.0,-14.0,128820.0,Sell Dominant,128752.0,128810.0,12.0,15.0,-3.0,21:36,445004
16.5,10.0,128750.0,15.0,128815.0,Sell Dominant,128750.0,128750.0,25.5,-5.0,-9.0,21:37,445004
8.5,21.0,128804.0,5.0,128804.0,Sell Dominant,128747.0,128750.0,21.5,16.0,-13.0,21:38,445004
14.5,-14.0,128800.0,-86.0,128800.0,Buy Dominant,128774.0,128793.0,9.5,72.0,5.0,21:39,445004
1.0,7.0,128820.0,-26.0,128820.0,Neutral,128820.0,128820.0,1.0,33.0,0.0,21:40,445004
0.0,7.0,109986.0,-2.0,109986.0,Neutral,109986.0,109986.0,0.0,9.0,0.0,20:40,463393
54.0,24.0,110002.0,95.0,110002.0,Sell Dominant,109955.0,109976.0,56.0,-71.0,-2.0,20:41,463393
37.0,14.0,110003.0,16.0,110022.0,Buy Dominant,109990.0,110002.0,36.0,-2.0,1.0,20:42,463393
28.0,-18.0,110000.0,-62.0,110025.0,Sell Dominant,109976.0,110013.0,56.0,44.0,-28.0,20:43,463393
39.0,25.0,110024.0,50.0,110024.0,Buy Dominant,109966.0,110000.0,17.0,-25.0,22.0,20:44,463393
85.5,-41.0,110004.0,-39.0,110032.0,Buy Dominant,109985.0,110022.0,64.5,-2.0,21.0,20:45,463393
54.5,23.0,110050.0,-15.0,110067.0,Buy Dominant,110005.0,110011.0,42.5,38.0,12.0,20:46,463393
21.5,7.0,110036.0,6.0,110069.0,Sell Dominant,110032.0,110050.0,26.5,1.0,-5.0,20:47,463393
21.5,29.0,110060.0,35.0,110060.0,Buy Dominant,110022.0,110022.0,12.5,-6.0,9.0,20:48,463393
66.0,99.0,110100.0,113.0,110100.0,Buy Dominant,110038.0,110040.0,55.0,-14.0,11.0,20:49,463393
46.0,89.0,110114.0,79.0,110115.0,Buy Dominant,110084.0,110100.0,38.0,10.0,8.0,20:50,463393
114.5,-31.0,110165.0,1.0,110190.0,Buy Dominant,110120.0,110120.0,85.5,-32.0,29.0,20:51,463393
91.0,-68.0,110130.0,-159.0,110170.0,Buy Dominant,110109.0,110170.0,64.0,91.0,27.0,20:52,463393
34.5,-35.0,110077.0,-74.0,110135.0,Neutral,110070.0,110130.0,34.5,39.0,0.0,20:53,463393
15.5,11.0,110044.0,15.0,110080.0,Sell Dominant,110044.0,110079.0,22.5,-4.0,-7.0,20:54,463393
27.0,38.0,110039.0,51.0,110050.0,Sell Dominant,110029.0,110050.0,33.0,-13.0,-6.0,20:55,463393
12.0,-7.0,110050.0,-41.0,110069.0,Sell Dominant,110041.0,110041.0,15.0,34.0,-3.0,20:56,463393
8.5,10.0,110040.0,-14.0,110057.0,Sell Dominant,110040.0,110050.0,14.5,24.0,-6.0,20:57,463393
26.5,-6.0,110034.0,0.0,110034.0,Buy Dominant,110022.0,110022.0,23.5,-6.0,3.0,20:58,463393
41.5,-159.0,109950.0,-138.0,110034.0,Sell Dominant,109950.0,110034.0,86.5,-21.0,-45.0,20:59,463393
96.0,-39.0,109920.0,-71.0,109968.0,Sell Dominant,109904.0,109962.0,155.0,32.0,-59.0,21:00,463393
116.0,42.0,109929.0,89.0,109952.0,Buy Dominant,109901.0,109901.0,65.0,-47.0,51.0,21:01,463393
44.0,-10.0,109900.0,-34.0,109943.0,Sell Dominant,109900.0,109943.0,70.0,24.0,-26.0,21:02,463393
79.0,-21.0,109890.0,-30.0,109926.0,Sell Dominant,109878.0,109900.0,94.0,9.0,-15.0,21:03,463393
59.5,-1.0,109886.0,13.0,109895.0,Sell Dominant,109870.0,109890.0,65.5,-14.0,-6.0,21:04,463393
148.5,-38.0,109875.0,-13.0,109887.0,Buy Dominant,109850.0,109886.0,111.5,-25.0,37.0,21:05,463393
64.0,35.0,109915.0,78.0,109921.0,Buy Dominant,109860.0,109860.0,51.0,-43.0,13.0,21:06,463393
35.5,13.0,109880.0,-60.0,109916.0,Sell Dominant,109880.0,109916.0,38.5,73.0,-3.0,21:07,463393
21.5,48.0,109915.0,80.0,109915.0,Sell Dominant,109880.0,109880.0,24.5,-32.0,-3.0,21:08,463393
91.0,62.0,109952.0,96.0,109952.0,Buy Dominant,109902.0,109902.0,19.0,-34.0,72.0,21:09,463393
31.5,-27.0,109928.0,-45.0,109974.0,Neutral,109911.0,109952.0,31.5,18.0,0.0,21:10,463393
22.5,-16.0,109900.0,-39.0,109928.0,Sell Dominant,109890.0,109928.0,32.5,23.0,-10.0,21:11,463393
25.0,-10.0,109899.0,-19.0,109900.0,Sell Dominant,109880.0,109895.0,26.0,9.0,-1.0,21:12,463393
24.5,-2.0,109880.0,-3.0,109900.0,Sell Dominant,109875.0,109900.0,26.5,1.0,-2.0,21:13,463393
17.5,47.0,109890.0,74.0,109900.0,Buy Dominant,109880.0,109880.0,16.5,-27.0,1.0,21:14,463393
72.0,-19.0,109945.0,-1.0,109965.0,Buy Dominant,109891.0,109891.0,69.0,-18.0,3.0,21:15,463393
48.5,98.0,109998.0,139.0,110019.0,Buy Dominant,109945.0,109945.0,41.5,-41.0,7.0,21:16,463393
47.0,-39.0,110006.0,-65.0,110038.0,Buy Dominant,109998.0,110016.0,38.0,26.0,9.0,21:17,463393
19.0,-14.0,110000.0,-48.0,110020.0,Buy Dominant,110000.0,110001.0,17.0,34.0,2.0,21:18,463393
15.5,-13.0,109990.0,7.0,110015.0,Sell Dominant,109986.0,110006.0,20.5,-20.0,-5.0,21:19,463393
6.5,10.0,110003.0,-13.0,110007.0,Sell Dominant,109990.0,109990.0,10.5,23.0,-4.0,21:20,463393
29.5,19.0,110030.0,47.0,110030.0,Buy Dominant,109988.0,110000.0,18.5,-28.0,11.0,21:21,463393
44.0,15.0,110074.0,22.0,110078.0,Buy Dominant,110027.0,110030.0,26.0,-7.0,18.0,21:22,463393
46.0,5.0,110070.0,3.0,110085.0,Sell Dominant,110057.0,110075.0,55.0,2.0,-9.0,21:23,463393
34.0,-1.0,110069.0,-5.0,110080.0,Buy Dominant,110048.0,110080.0,19.0,4.0,15.0,21:24,463393
46.0,7.0,110078.0,17.0,110088.0,Buy Dominant,110058.0,110069.0,39.0,-10.0,7.0,21:25,463393
19.5,-29.0,110070.0,-48.0,110089.0,Sell Dominant,110070.0,110078.0,20.5,19.0,-1.0,21:26,463393
39.0,17.0,110078.0,40.0,110078.0,Buy Dominant,110055.0,110070.0,21.0,-23.0,18.0,21:27,463393
20.0,-14.0,110086.0,-27.0,110087.0,Buy Dominant,110067.0,110070.0,4.0,13.0,16.0,21:28,463393
21.5,12.0,110066.0,-13.0,110086.0,Sell Dominant,110066.0,110086.0,27.5,25.0,-6.0,21:29,463393
43.0,25.0,110090.0,26.0,110090.0,Buy Dominant,110055.0,110077.0,22.0,-1.0,21.0,21:30,463393
59.0,19.0,110080.0,72.0,110118.0,Sell Dominant,110064.0,110092.0,74.0,-53.0,-15.0,21:31,463393
27.5,-30.0,110088.0,-42.0,110117.0,Buy Dominant,110080.0,110080.0,26.5,12.0,1.0,21:32,463393
13.0,10.0,110074.0,10.0,110093.0,Sell Dominant,110055.0,110089.0,23.0,0.0,-10.0,21:33,463393
8.5,22.0,110078.0,22.0,110100.0,Sell Dominant,110060.0,110060.0,12.5,0.0,-4.0,21:34,463393
10.5,-34.0,110076.0,-44.0,110090.0,Buy Dominant,110056.0,110090.0,7.5,10.0,3.0,21:35,463393
11.0,10.0,110023.0,25.0,110075.0,Sell Dominant,110023.0,110055.0,17.0,-15.0,-6.0,21:36,463393
21.5,-10.0,110047.0,-18.0,110072.0,Buy Dominant,110026.0,110030.0,14.5,8.0,7.0,21:37,463393
21.0,7.0,110060.0,-2.0,110062.0,Sell Dominant,110020.0,110062.0,23.0,9.0,-2.0,21:38,463393
4.0,9.0,110028.0,16.0,110058.0,Sell Dominant,110025.0,110058.0,7.0,-7.0,-3.0,21:39,463393
8.5,-17.0,110055.0,-8.0,110055.0,Buy Dominant,110040.0,110040.0,6.5,-9.0,2.0,21:40,463393
0.0,0.0,0.0,0.0,0.0,Neutral,0.0,0.0,0.0,0.0,0.0,00:00,40591
0.0,0.0,0.0,0.0,0.0,Neutral,0.0,0.0,0.0,0.0,0.0,00:00,40592
